ID,TYPE,PROGRAM,ORG PHONE,DISTADDDI,TB,DRIOSTZIP,DAYS,HOURS,FULL_ADDRESS,LONGITUDE,LATITUDE
85670.0,FP,ACADEMY OF MEDICAL & PUBLIC HEALTH SERVICES (AMPHS),212-256-9036,5306 3RD AVENUE - 2ND FL,BK,11220,"SAT(1,3)",2-4PM,"5306 3RD AVENUE - 2ND FL, BK, 11220",,
84948.0,FP,ACTS COMMUNITY DEVELOPMENT CORPORATION,(718) 415-1170,2114 MERMAID AVE,BK,11224,TUE/THUR,6-7:15M/11AM-2:15PM,"2114 MERMAID AVE, BK, 11224",-73.98841463554845,40.576042
84664.0,SK,ACTS COMMUNITY DEVELOPMENT CORPORATION,718-415-1170,2114 MERMAID AVE,BK,11224,WED/FRI,6-7:15PM,"2114 MERMAID AVE, BK, 11224",-73.98841463554845,40.576042
85247.0,FP,ADMIRABLE CHURCH INC,347-779-7192,1910 FLATBUSH AVENUE,BK,11210,SAT (4),10AM-12PM,"1910 FLATBUSH AVENUE, BK, 11210",-73.93772061991493,40.62310665
85798.0,FP,AL-MADINAH SCHOOL INC,718-222-4986,383 3RD AVENUE,BK,11215,FRI (3RD),12:30-2:30PM,"383 3RD AVENUE, BK, 11215",-73.9882724128866,40.6742827
85537.0,FP,APNA FOOD PANTRY BRIGHTON BEACH,718-513-4700,225 NEPTUNE AVENUE,BK,11235,WED,2-3PM,"225 NEPTUNE AVENUE, BK, 11235",-73.96169052457921,40.5818395
85330.0,FP,BAY VIEW HOUSES RESIDENT ASSOCIATION,347-307-0030,2085 ROCKAWAY PARKWAY,BK,11236,"THUR (1,2,3)",9:30AM-1:30PM,"2085 ROCKAWAY PARKWAY, BK, 11236",-73.88672095631946,40.633077
83619.0,FPK,BENSONHURST COUNCIL OF JEWISH ORGANIZATIONS,(718) 333-1834,8635 21ST AVE,BK,11214,TUE,10AM-4PM,"8635 21ST AVE, BK, 11214",-73.99660340521828,40.602380249999996
85386.0,FP,BETHANIE FRENCH SEVENTH DAY ADVENTIST CHURCH,718-600-2334,2059 BEDFORD AVENUE,BK,11226,"THUR (1,3)",10AM-12PM,"2059 BEDFORD AVENUE, BK, 11226",-73.95583058335112,40.6544917
85750.0,FP,BETHANY GOSPEL CHAPEL INC,718-929-1234,521 THOMAS S. BOYLAND STREET,BK,11212,"SAT(2,4)",6:30-7:30AM,"521 THOMAS S. BOYLAND STREET, BK, 11212",-73.9129337130988,40.66811265
81460.0,SK,BETHANY UNITED METHODIST CHURCH,(718) 774-5689,1208 ST. JOHN'S PLACE,BK,11213,TUE/ THUR(1ST),12:30-2:30PM/ 5-7PM,"1208 ST. JOHN'S PLACE, BK, 11213",,
83492.0,SK,BETHEL SEVENTH DAY ADVENTIST CHURCH,718-783-3630,457 GRAND AVENUE,BK,11238,SUN,1-2PM,"457 GRAND AVENUE, BK, 11238",-73.9612725,40.6816269
85527.0,FP,BETHLEM NATION'S FOOD PANTRY,718-257-8300,1962-84 LINDEN BLVD,BK,11207,SAT (4TH ONLY),10AM-12PM,"1962-84 LINDEN BLVD, BK, 11207",,
85751.0,FP,BETTER COMMUNITY FOOD PANTRY,347-240-9352,218 BUFFALO AVENUE,BK,11213,"SAT (1,3)",10AM-1PM,"218 BUFFALO AVENUE, BK, 11213",-73.92556300864504,40.671661900000004
81308.0,FP,BEULAH CHURCH OF GOD IN CHRIST JESUS,718-636-8500,956 MARCY AVENUE,BK,11216,"TUE,THUR",10:30AM-1PM,"956 MARCY AVENUE, BK, 11216",-73.94663172924709,40.680620250000004
85553.0,FP,"BEYOND WALLS, INC",347-406-5878,188 EAST 53RD STREET,BK,11203,TUE,1:30-3PM,"188 EAST 53RD STREET, BK, 11203",-73.9280045,40.6552933
85346.0,FP,BLESSED ASSURANCE CHURCH OF GOD BLESSED ASSURANCE CHARITY IN,347-965-1725,2093 FULTON STREET,BK,11233,SAT,9-11AM,"2093 FULTON STREET, BK, 11233",-73.90932338614505,40.678438
81272.0,FP,BLESSED SACRAMENT CHURCH (BKLYN),(718) 827-1200,198 EUCLID AVENUE,BK,11208,WED,9:30-11:30AM,"198 EUCLID AVENUE, BK, 11208",-73.87438189189189,40.68377497297298
84982.0,FPK,BNAI RAPHAEL CHESED ORGANIZATION INC,718-951-2302,3846 FLATLANDS AVENUE,BK,11234,"M,TUE,W/THU/F,SUN",10A-3:3P/10A-5P/APPT ONLY,"3846 FLATLANDS AVENUE, BK, 11234",-73.93750136190647,40.6195535
85684.0,FP,BRCDC FOOD PROGRAM,347-560-6700,9818 FORT HAMILITON PARKWAY,BK,11209,SAT,11AM-2PM,"9818 FORT HAMILITON PARKWAY, BK, 11209",,
83274.0,FP,BROOKLYN FAITH SEVENTH DAY ADVENTIST CHURCH,718-342-6712,5518 CHURCH AVENUE,BK,11203,THUR,1-4PM,"5518 CHURCH AVENUE, BK, 11203",-73.92490986409821,40.65229465
85578.0,FP,BROOKLYN MEAL SHARE,NONE PROVIDE,1323 FOSTER AVENUE,BK,11230,SAT,5-7PM,"1323 FOSTER AVENUE, BK, 11230",-73.96417835001398,40.633753049999996
84759.0,FP,BROOKLYN RESCUE MISSION URBAN HARVEST CENTER INC,917-426-3001,426 DECATUR STREET,BK,11233,"TUE,WED",10-11:30AM,"426 DECATUR STREET, BK, 11233",-73.925766,40.6822205
81987.0,FP,BROWNSVILLE TEMPLE SEVENTH DAY ADVENTIST CHURCH,718-345-3689,1089 CLARKSON AVE,BK,11212,"SUN (1,3)",11AM-1PM,"1089 CLARKSON AVE, BK, 11212",-73.92227963026414,40.6600459
80336.0,FP,CALVARY PENTECOSTAL CHURCH,(718) 469-8252,151 WOODRUFF AVENUE,BK,11226,THUR,10AM-12PM,"151 WOODRUFF AVENUE, BK, 11226",-73.9611443869833,40.65456055
85563.0,FP,CAMP FRIENDSHIP FOOD PANTRY IN PARK SLOPE,718-965-3695,339 8TH STREET,BK,11215,SAT,9AM-12PM,"339 8TH STREET, BK, 11215",-73.98376897645906,40.6690698
81317.0,FP,CATHOLIC CHARITIES,718-722-6001,2866 WEST 17TH STREET,BK,11224,MON,9:30AM-1:30PM,"2866 WEST 17TH STREET, BK, 11224",-73.98512300698849,40.577223950000004
85585.0,FP,CCC NEW YORK PARISH FOOD PANTRY OUTREACH PROGRAM,718-366-8065,1380 JEFFERSON AVENUE,BK,11237,SAT,10AM-2PM,"1380 JEFFERSON AVENUE, BK, 11237",-73.9096596270243,40.6945531
85799.0,FP,CELESTIAL CHURCH OF CHRIST ILERI PARISH,718-624-8758,138 WAVERLY AVENUE,BK,11205,SAT (2ND),12-3PM,"138 WAVERLY AVENUE, BK, 11205",-73.96816824999999,40.693683050000004
80413.0,FP,CENTER FOR FAMILY LIFE,(718) 492-3585,443 39TH STREET,BK,11232,"TUE, W, THUR",1-4PM,"443 39TH STREET, BK, 11232",-74.00477238220319,40.65207345
85763.0,FPK,CHABAD - OCEANVIEW JEWISH CENTER,718-796-2462,3100 BRIGHTON 4TH STREET,BK,11235,MON (1),10-11AM,"3100 BRIGHTON 4TH STREET, BK, 11235",-73.96344349282137,40.5766231
81748.0,FP,CHANCE FOR CHILDREN,347-616-3228,11 McKEEVER PLACE - 1ST FLOOR (BASEMENT LEVEL),BK,11225,FRI,10AM-12:30PM,"11 McKEEVER PLACE - 1ST FLOOR (BASEMENT LEVEL), BK, 11225",,
81352.0,FP,CHILD DEVELOPMENT SUPPORT CORPORATION,718-398-2050,352-358 CLASSON AVE,BK,11238,THUR,11AM-3PM,"352-358 CLASSON AVE, BK, 11238",,
85276.0,FP,CHILDREN OF THE LIGHT INTERNATIONAL MINISTRIES INC,347-794-4130,1171 EAST 95TH STREET,BK,11236,"M,W,F,SAT",10AM-3PM,"1171 EAST 95TH STREET, BK, 11236",-73.98841463554845,40.576042
85322.0,FP,CHRIST APOSTOLIC CHURCH GOKE FOOD PANTRY,718-284-7479,622 CORTELYOU ROAD,BK,11218,"TUE(1,3)/SAT(2,4)",2-4PM/9AM-1PM,"622 CORTELYOU ROAD, BK, 11218",-73.98841463554845,40.576042
84221.0,FP,CHRISTIAN CULTURAL CENTER,718-306-1021,12020 FLATLANDS AVENUE,BK,11207,THUR,9AM-3PM,"12020 FLATLANDS AVENUE, BK, 11207",-73.93772061991493,40.62310665
81051.0,FP,CHRISTIAN FELLOWSHIP SEVENTH DAY ADVENTIST COMMUNITY SVCS-F.P.,718-916-0956,777 SCHENECTADY AVENUE,BK,11203,"WED(1,2,3,4)",10:30AM-12:30PM,"777 SCHENECTADY AVENUE, BK, 11203",-73.9882724128866,40.6742827
80241.0,SK,CHRISTIAN FELLOWSHIP SEVENTH DAY ADVENTIST COMMUNITY SVCS-S.K.,718-916-0956,777 SCHENECTADY AVENUE,BK,11203,"MON,TUE,WED",5-6PM,"777 SCHENECTADY AVENUE, BK, 11203",-73.96169052457921,40.5818395
82296.0,FP,CHURCH OF GOD (BK),(718) 346-4897,627-29 REMSEN AVE,BK,11236,SAT,12-2:30PM,"627-29 REMSEN AVE, BK, 11236",-73.88672095631946,40.633077
82119.0,FP,CHURCH OF GOD FEEDING THE HUNGRY,718-230-5955,836 CLASSON AVE,BK,11238,THUR,10AM-12PM,"836 CLASSON AVE, BK, 11238",-73.99660340521828,40.602380249999996
84002.0,FP,CHURCH OF GOD INC.,(718) 493-3031,1011 WINTHROP STREET,BK,11212,SAT,12-1PM,"1011 WINTHROP STREET, BK, 11212",-73.95583058335112,40.6544917
87341.0,FP,CHURCH OF GOD OF SALVATION,718-693-6486,1615 NOSTRAND AVE,BK,11226,WED/THUR,2-4PM/10AM-4PM,"1615 NOSTRAND AVE, BK, 11226",-73.9129337130988,40.66811265
84148.0,FP,CHURCH OF GOD PROPHECY,718-649-5533,71 MALTA STREET,BK,11207,"TUE (2,4)",3:30-6PM,"71 MALTA STREET, BK, 11207",,
83895.0,SK,CHURCH OF GOD PROPHECY,718-649-5533,71 MALTA STREET,BK,11207,"TUE (2,4)",3:30-6PM,"71 MALTA STREET, BK, 11207",-73.9612725,40.6816269
85293.0,FP,CHURCH OF PRAISE AND WORSHIP GOD IN CHRIST,347-462-5679,526 RALPH AVENUE,BK,11233,SAT,10AM-1PM,"526 RALPH AVENUE, BK, 11233",,
85351.0,FPM,CITY HARVEST - BED-STUY MOBILE MARKET,646-412-0740,736 PARK AVENUE,BK,11206,"WED(3),SAT(1)",9:30-11:30AM,"736 PARK AVENUE, BK, 11206",-73.92556300864504,40.671661900000004
85705.0,FP,CITY OF REFUGE FP,929-289-2267,1115 BLAKE AVENUE,BK,11208,WED,9:30AM-12PM,"1115 BLAKE AVENUE, BK, 11208",-73.94663172924709,40.680620250000004
85695.0,FP,COLLECTIVE FOCUS FOOD JUSTICE PANTRY PROGRAM,724-584-8501,1046 BROADWAY,BK,11221,TUE,1-3PM,"1046 BROADWAY, BK, 11221",-73.9280045,40.6552933
85642.0,FP,COMMUNITY CARE FOOD PANTRY,917-304-3406,1387 EAST 37TH STREET,BK,11210,SAT,11AM-2:30PM,"1387 EAST 37TH STREET, BK, 11210",-73.90932338614505,40.678438
81178.0,FP,COMMUNITY HELP IN PARK SLOPE,718-237-2962,200 FOURTH AVENUE,BK,11217,"THUR,SAT",11:30AM-1PM,"200 FOURTH AVENUE, BK, 11217",-73.87438189189189,40.68377497297298
80236.0,SK,COMMUNITY HELP IN PARK SLOPE INC,(718) 237-2962,200 FOURTH AVENUE,BK,11217,MON-SAT,9-10:30AM & 11:30AM-1PM,"200 FOURTH AVENUE, BK, 11217",-73.93750136190647,40.6195535
84189.0,FP,COMMUNITY SERVICES HOUSING DEVELOPMENT CORP.,646-794-5961,547 HOWARD AVE,BK,11233,THUR,10AM-12PM,"547 HOWARD AVE, BK, 11233",,
82837.0,FP,COMPASSION HOUSE COMMUNITY DEVELOPMENT CORPORATION,(718) 386-8151,43 GEORGE STREET,BK,11206,"THUR (1,3)",9-11:30AM,"43 GEORGE STREET, BK, 11206",-73.92490986409821,40.65229465
85468.0,FPH,COPO FOOD PANTRY,718-434-3266,1077 CONEY ISLAND AVENUE,BK,11230,FRI,10:30AM-4:30PM,"1077 CONEY ISLAND AVENUE, BK, 11230",-73.96417835001398,40.633753049999996
82057.0,FP,CORNERSTONE SEVENTH DAY ADVENTIST CHURCH,917-915-6769,138 PENNSYLVANIA AVE,BK,11207,THUR,10AM-12PM,"138 PENNSYLVANIA AVE, BK, 11207",-73.925766,40.6822205
82058.0,SK,CORNERSTONE SEVENTH DAY ADVENTIST CHURCH,917-915-6769,138 PENNSYLVANIA AVE,BK,11207,SUN,11:30AM-1:30PM,"138 PENNSYLVANIA AVE, BK, 11207",-73.92227963026414,40.6600459
80260.0,FPK,CROWN HEIGHTS JEWISH COMMUNITY COUNCIL,718-771-9000,899 MONTGOMERY STREET,BK,11213,WED,1:30-3PM,"899 MONTGOMERY STREET, BK, 11213",-73.9611443869833,40.65456055
85603.0,FP,EAST NEW YORK SEVENTH DAY ADVENTIST CHURCH,718-647-0764,511 ELTON STREET,BK,11208,"THUR(2,4)",11AM-2PM,"511 ELTON STREET, BK, 11208",-73.98376897645906,40.6690698
84137.0,FP,EAST NEW YORK WESLEYAN CHURCH/NEW HOPE FAMILY WORSHIP CENTE,718-342-1305,817 LIVONIA AVENUE,BK,11207,SAT,11AM - 1PM,"817 LIVONIA AVENUE, BK, 11207",-73.98512300698849,40.577223950000004
80269.0,FP,EBENEZER SEVENTH DAY ADVENTIST CHURCH,718-879-0542,1234 EAST NEW YORK AVENUE,BK,11212,WED,10:30AM-12PM,"1234 EAST NEW YORK AVENUE, BK, 11212",-73.9096596270243,40.6945531
85731.0,FP,"ELITE LEARNERS, INC",347-221-0188,4517 AVENUE D,BK,11203,THUR,10AM-12PM,"4517 AVENUE D, BK, 11203",-73.96816824999999,40.693683050000004
81479.0,FP,EMMAUS SEVENTH DAY ADVENTIST CHURCH,704-502-1450,1144 FLATBUSH AVENUE,BK,11226,TUE,12:30-2PM,"1144 FLATBUSH AVENUE, BK, 11226",-74.00477238220319,40.65207345
85550.0,FP,EVANGELICAL CRUSADE FOOD PANTRY,718-734-7250,557 EAST 31ST STREET,BK,11210,"WED (2,4)",2-4PM,"557 EAST 31ST STREET, BK, 11210",-73.96344349282137,40.5766231
83616.0,FP,FAMILY LIFE DEVELOPMENT CENTER,(718) 636-4938,1476 BEDFORD AVENUE,BK,11216,MON,4-6PM,"1476 BEDFORD AVENUE, BK, 11216",,
81578.0,FP,FAMILY SERVICE NETWORK OF N.Y. INC,718-455-6010,1420 BUSHWICK AVENUE,BK,11207,"MON,WED",9AM-1PM,"1420 BUSHWICK AVENUE, BK, 11207",,
83444.0,FP,FERNANDE VALME' MINISTRIES INC,(718) 284-1809,1120 FLATBUSH AVE,BK,11226,THUR,10-11AM,"1120 FLATBUSH AVE, BK, 11226",-73.98841463554845,40.576042
85555.0,FPK,FLATBUSH COMMUNITY FUND,718-850-3545,1968 FLATBUSH AVENUE,BK,11234,THUR,12-2PM,"1968 FLATBUSH AVENUE, BK, 11234",-73.98841463554845,40.576042
82347.0,FP,FLATBUSH SEVENTH DAY ADVENTIST CHURCH,718-693-9180,261 EAST 21ST STREET,BK,11226,MON,11AM-1PM,"261 EAST 21ST STREET, BK, 11226",-73.93772061991493,40.62310665
82188.0,FP,"FOOD FIRST, INC",917-560-1119,165 CONOVER STREET,BK,11231,WED/FRI,11AM-1PM/10AM-12PM,"165 CONOVER STREET, BK, 11231",-73.9882724128866,40.6742827
84151.0,FP,GETHSEMANE SEVENTH DAY ADVENTIST CHURCH,718-467-4181,357 EMPIRE BLVD,BK,11225,SUN/WED,12-1PM/5-6PM,"357 EMPIRE BLVD, BK, 11225",-73.96169052457921,40.5818395
83907.0,FP,GLOVER MEMORIAL BREAD OF LIFE FOOD PANTRY,929-453-9611,2134 DEAN STREET,BK,11233,WED,12-2PM,"2134 DEAN STREET, BK, 11233",-73.88672095631946,40.633077
80284.0,FP,GOD'S BATTALION OF PRAYER CHURCH,(718) 774-5447,661 LINDEN BOULEVARD,BK,11203,"TUE,THUR",9AM-12PM,"661 LINDEN BOULEVARD, BK, 11203",-73.99660340521828,40.602380249999996
83282.0,FP,"GOD'S DELIVERANCE TEMPLE, INC",347-234-3828,438 RALPH AVENUE,BK,11233,TUE,11AM-12PM,"438 RALPH AVENUE, BK, 11233",-73.95583058335112,40.6544917
82319.0,FP,GOSHEN TEMPLE OF SEVENTH DAY ADVENTIST CHURCH,917-847-5528,2414 CHURCH AVENUE,BK,11226,WED,1-3PM,"2414 CHURCH AVENUE, BK, 11226",-73.9129337130988,40.66811265
85606.0,FP,GRANT HOUSE UNITY CORPORATION,631-652-3700,2046 FLATBUSH AVENUE,BK,11234,"W,THU",11AM-4PM,"2046 FLATBUSH AVENUE, BK, 11234",,
85083.0,FP,GREENPOINT REFORMED CHURCH FOOD PANTRY,517-643-2998,136 MILTON STREET,BK,11222,THUR,4-7PM,"136 MILTON STREET, BK, 11222",-73.9612725,40.6816269
80289.0,FP,HANSON PLACE SEVENTH DAY ADVENTIST CHURCH,347-602-1832,88 HANSON PLACE,BK,11217,THUR,1:30-5PM,"88 HANSON PLACE, BK, 11217",,
85477.0,FP,HEALTH ESSENTIAL ASSOCIATION CPMM,646-515-6898,2336 86TH STREET,BK,11214,"THUR (1,3)",10AM-12PM,"2336 86TH STREET, BK, 11214",-73.92556300864504,40.671661900000004
85315.0,FP,HEALTH ESSENTIAL ASSOCIATION INC,646-515-6898,2101 EAST 16TH STREET - 2ND FLOOR,BK,11229,FRI (4TH),10AM-12PM,"2101 EAST 16TH STREET - 2ND FLOOR, BK, 11229",-73.94663172924709,40.680620250000004
85512.0,FPK,HEBREW EDUCATIONAL SOCIETY,718-241-3000,9502 SEAVIEW AVENUE,BK,11236,"M,W,TH/TUE/SUN",9A-2P/1-6PM/12-2PM,"9502 SEAVIEW AVENUE, BK, 11236",-73.9280045,40.6552933
80291.0,FP,HEBRON SEVENTH DAY ADVENTIST CHURCH,(718) 778-6454,1256 DEAN STREET,BK,11216,"WED(1,3)",9-10:30AM,"1256 DEAN STREET, BK, 11216",-73.90932338614505,40.678438
80292.0,SK,HEBRON SEVENTH DAY ADVENTIST CHURCH,(718) 778-6454,1256 DEAN STREET,BK,11216,SUN,12:30-2PM,"1256 DEAN STREET, BK, 11216",-73.87438189189189,40.68377497297298
80296.0,FP,HOLY CROSS FOOD PANTRY - BROOKLYN,(718) 469-5900,2530 CHURCH AVENUE,BK,11226,"TUE,THUR",2-3:30PM,"2530 CHURCH AVENUE, BK, 11226",-73.93750136190647,40.6195535
84087.0,FP,HOPE CENTER DEVELOPMENT CORPORATION,(718) 385-1043,414 EAST 95TH STREET,BK,11212,"SAT(1,2,3,4)",11AM-1:30PM,"414 EAST 95TH STREET, BK, 11212",,
83941.0,SK,HOPE CENTER DEVELOPMENT CORPORATION,(718) 385-1043,409 EAST 95TH STREET,BK,11212,"SAT(1,2,3,4)",11AM-1:30PM,"409 EAST 95TH STREET, BK, 11212",-73.92490986409821,40.65229465
85704.0,FP,HOPE EMPOWERMENT AND DEVELOPMENT ZONE FOOD PANTRY,718-568-7072,369 NEW LOTS AVENUE,BK,11207,SAT (3RD),12-4PM,"369 NEW LOTS AVENUE, BK, 11207",-73.96417835001398,40.633753049999996
80299.0,FP,HOREB SEVENTH DAY ADVENTIST COMMUNITY SERVICES,718-778-7373,520 KINGSTON AVE,BK,11225,TUE,10-11AM,"520 KINGSTON AVE, BK, 11225",-73.925766,40.6822205
83514.0,FP,HOUSE OF DAVID WORSHIP CENTER,718-649-5982,747-749-HENDRIX STREET,BK,11207,WED,10:30AM-12:30PM,"747-749-HENDRIX STREET, BK, 11207",-73.92227963026414,40.6600459
85683.0,FP,ICL AND CHN FOOD PANTRY,718-495-6700,2581 ATLANTIC AVENUE,BK,11207,WED,10AM-1PM,"2581 ATLANTIC AVENUE, BK, 11207",-73.9611443869833,40.65456055
85720.0,FPH,ICNA RELIEF QUBA PANTRY,214-463-3227,634 RUGBY ROAD,BK,11230,TUE,1-3PM,"634 RUGBY ROAD, BK, 11230",-73.98376897645906,40.6690698
85479.0,FPH,ICNA RELIEF USA FOOD PANTRY,718-658-2028,273 NEPTUNE AVENUE,BK,11235,MON,12-1PM,"273 NEPTUNE AVENUE, BK, 11235",-73.98512300698849,40.577223950000004
83275.0,FP,IMMANUEL FIRST SPANISH UNITED METHODIST CHURCH,718-624-3300,424 DEAN STREET,BK,11217,TUE,1-2:45PM,"424 DEAN STREET, BK, 11217",-73.9096596270243,40.6945531
84103.0,FP,INTERNATIONAL PENTECOSTAL CITY MISSION,(718) 342-9005,9202-14 CHURCH AVE,BK,11236,SAT,11AM-1PM,"9202-14 CHURCH AVE, BK, 11236",-73.96816824999999,40.693683050000004
83583.0,FP,ISAIAH'S TEMPLE OF MT. HOPE,(718) 277-4038,862 GLENMORE AVE,BK,11208,THUR,2-4PM,"862 GLENMORE AVE, BK, 11208",-74.00477238220319,40.65207345
83555.0,SK,ISAIAH'S TEMPLE OF MT. HOPE,(718) 277-4038,862 GLENMORE AVE,BK,11208,"TUE,THUR",2-4PM,"862 GLENMORE AVE, BK, 11208",-73.96344349282137,40.5766231
81168.0,FPK,JEWISH COMMUNITY COUNCIL OF CANARSIE   #1,718-922-2474,1170 PENNSYLVANIA AVE,BK,11239,WED,9:30-11:30AM,"1170 PENNSYLVANIA AVE, BK, 11239",,
85801.0,FP,KINGDOM GLOBAL MISSIONS,718-310-5677,2945 WEST 33RD STREET,BK,11224,"SAT (1,3)",12-3PM,"2945 WEST 33RD STREET, BK, 11224",,
85442.0,FP,KINGLAWN UNITED PRESBYTERIAN CHURCH,718-241-0736,2368 RALPH AVENUE,BK,11234,SAT4),10-11AM,"2368 RALPH AVENUE, BK, 11234",-73.98841463554845,40.576042
80249.0,FPK,KINGS BAY Y FOOD PANTRY,718-648-7703,3495 NOSTRAND AVENUE,BK,11229,FRI(2),9:30-11AM,"3495 NOSTRAND AVENUE, BK, 11229",-73.98841463554845,40.576042
85566.0,FP,LADIES IN WAITING,718-469-8816,276 FENIMORE STREET,BK,11225,TUE,10AM-1PM,"276 FENIMORE STREET, BK, 11225",-73.93772061991493,40.62310665
83936.0,FP,LAS MARAVILLAS DEL EXODO,347-691-8340,302 ELTON STREET,BK,11208,WED,9-11AM,"302 ELTON STREET, BK, 11208",-73.9882724128866,40.6742827
85540.0,FP,LIFEBRIDGE NY,718-233-5004,1895 FLATBUSH AVENUE,BK,11210,WED,5-7PM,"1895 FLATBUSH AVENUE, BK, 11210",-73.96169052457921,40.5818395
85262.0,FP,LITTLE JERUSALEM HOUSE OF PRAYER,718-922-7446,447 HERZL STREET,BK,11212,"SAT (2,4)",1-2PM,"447 HERZL STREET, BK, 11212",-73.88672095631946,40.633077
83811.0,FP,MAKE THE ROAD NEW YORK,(718) 418-7690,301 GROVE STREET,BK,11237,FRI,8-11AM,"301 GROVE STREET, BK, 11237",-73.99660340521828,40.602380249999996
85338.0,FP,MAMRE ENRICHMENT PROGRAM,646-617-8775,1623 UTICA AVENUE,BK,11234,SUN (1ST),10AM-12PM,"1623 UTICA AVENUE, BK, 11234",-73.95583058335112,40.6544917
85200.0,FPK,MASBIA OF FLATBUSH,718-972-4446,1372 CONEY ISLAND AVE,BK,11230,MON-THUR,11AM-7PM,"1372 CONEY ISLAND AVE, BK, 11230",-73.9129337130988,40.66811265
85170.0,SKK,MASBIA OF FLATBUSH,718-972-4446,1372 CONEY ISLAND AVE,BK,11230,MON-THUR,3-7PM,"1372 CONEY ISLAND AVE, BK, 11230",,
85215.0,FPM,METRO MINISTRIES INTERNATIONAL,718-453-3352,871 BUSHWICH AVENUE,BK,11221,"SAT (1,3)",10:30AM-12PM,"871 BUSHWICH AVENUE, BK, 11221",-73.9612725,40.6816269
85086.0,FPK,METROPOLITAN COUNCIL ON JEWISH POVERTY,718-763-5318,5361 PRESTON COURT,BK,11234,TUE/THUR,1-3PM/10AM-12PM,"5361 PRESTON COURT, BK, 11234",,
85476.0,FP,MOUNT CARMEL WORSHIP AND OUTREACH CENTER,(917) 982-7987,784 EAST 46TH STREET,BK,11203,MON,12-2PM,"784 EAST 46TH STREET, BK, 11203",-73.92556300864504,40.671661900000004
81698.0,FP,MOVEMENT OF PENTECOSTAL CHRISTIAN CHURCH,347-219-0947,90-92 SUMMIT STREET,BK,11231,SUN,12:30-2PM,"90-92 SUMMIT STREET, BK, 11231",-73.94663172924709,40.680620250000004
85148.0,FP,MT. HEBRON CHURCH OF CHRIST,347-454-4915,167 CHESTER STREET,BK,11212,SAT,9-10:30AM,"167 CHESTER STREET, BK, 11212",-73.9280045,40.6552933
85714.0,FPH,MUNA SOCIAL SERVICE AN-NAMIRAH,212-920-6202,2135 PITKIN AVENUE,BK,11207,"FRI(1,3)",4-5PM,"2135 PITKIN AVENUE, BK, 11207",-73.90932338614505,40.678438
85716.0,FPH,MUNA SOCIAL SERVICE BROOKLYN ISLAMIC CENTER,212-920-6202,722 CHURCH AVENUE,BK,11218,"TUE(2,4)",5-6PM,"722 CHURCH AVENUE, BK, 11218",-73.87438189189189,40.68377497297298
85715.0,FPH,MUNA SOCIAL SERVICE DOWNTOWN BROOKLYN,212-920-6202,50 NEW YORK AVENUE,BK,11216,"MON(1,3)",4-5PM,"50 NEW YORK AVENUE, BK, 11216",-73.93750136190647,40.6195535
85711.0,FPH,MUNA SOCIAL SERVICE EAST FLATBUSH,212-920-6202,167 EAST 43RD STREET,BK,11203,"MON(2,4)",4-5PM,"167 EAST 43RD STREET, BK, 11203",,
85579.0,FPH,MUNA SOCIAL SERVICE INC,347-400-2644,1033 GLENMORE AVENUE,BK,11208,WED,3-4PM,"1033 GLENMORE AVENUE, BK, 11208",-73.92490986409821,40.65229465
85742.0,FPH,MUSLIMS GIVE BACK,347-435-7115,273 54TH STREET,BK,11220,SAT,10AM-12PM,"273 54TH STREET, BK, 11220",-73.96417835001398,40.633753049999996
81402.0,FPK,NAT'L COMM. FOR FUTH. OF JEWISH ED.(UC),(718) 735-0200,824 EASTERN PARKWAY,BK,11213,FRI,12-1PM,"824 EASTERN PARKWAY, BK, 11213",-73.925766,40.6822205
80332.0,SK,NEIGHBORS TOGETHER,(718) 498-7256,2094 FULTON STREET,BK,11233,M-F/M-THUR,12-2PM/4-6PM,"2094 FULTON STREET, BK, 11233",-73.92227963026414,40.6600459
82186.0,FP,NEW LIFE SEVENTH DAY ADVENTIST CHURCH,718-385-0463,885-87 THOMAS BOYLAND STREET,BK,11212,MON/TUE/SUN,5-7PM/6-8PM/8-10AM,"885-87 THOMAS BOYLAND STREET, BK, 11212",-73.9611443869833,40.65456055
83582.0,SK,NEWMAN MEMORIAL UNITED CHURCH COMMUNITY DEVELOPMENT CORP.,718-622-7955,257 MACON STREET,BK,11216,SAT,10AM-2PM,"257 MACON STREET, BK, 11216",-73.98376897645906,40.6690698
81514.0,FP,NEWMAN MEMORIAL UNITED METHODIST CHURCH COMMUNITY DEVELOPM,(N7T18 C) O62R2P-7O9R5A5TI,2N57 MACON STREET,BK,11216,SAT,10AM-2PM,"2N57 MACON STREET, BK, 11216",-73.98512300698849,40.577223950000004
80204.0,FP,NEXT STEP COMMUNITY CHURCH,(718) 875-1858,360 SCHERMERHORN STREET,BK,11217,"SAT (2,3,4)",9-10:30AM,"360 SCHERMERHORN STREET, BK, 11217",-73.9096596270243,40.6945531
85309.0,SK,NEXT STEP COMMUNITY CHURCH,718-875-1858,360 SCHERMERHORN STREET,BK,11217,"M,TUE,WED",9-10AM,"360 SCHERMERHORN STREET, BK, 11217",-73.96816824999999,40.693683050000004
83344.0,FP,NORTHEAST BROOKLYN HOUSING DEVELOPMENT CORPORATION,718-453-9490,376 THROOP AVENUE,BK,11221,"TUE,THUR/SAT (3RD)",9AM-12PM/10AM-12PM,"376 THROOP AVENUE, BK, 11221",-74.00477238220319,40.65207345
81065.0,FP,OPEN DOOR FAMILY LIFE CENTER INC,718-455-3545,999 GREEN AVENUE,BK,11221,SAT,8:30-10:30AM,"999 GREEN AVENUE, BK, 11221",-73.96344349282137,40.5766231
85299.0,FP,OPEN DOOR TO HEAVEN OUTREACH MINISTRY INC,347-822-0714,474 SHEPHERD AVENUE,BK,11208,SAT (3),1-2PM,"474 SHEPHERD AVENUE, BK, 11208",,
83913.0,SK,OPIN (OTHER PEOPLE IN NEED),718-421-0148,1768 ST. JOHNS PLACE,BK,11233,WED,5-7PM,"1768 ST. JOHNS PLACE, BK, 11233",,
80341.0,FP,OUR LADY OF ANGELS HUMAN SERVICES,718-726-9790,336 73RD STREET,BK,11209,WED,9:30AM-12PM&1:30-3PM,"336 73RD STREET, BK, 11209",-73.98841463554845,40.576042
80343.0,FP,OUR LADY OF GRACE PARISH MINISTRY,718-645-2120,2322 EAST 4TH STREET,BK,11223,"M,W,THUR",9-11:30AM,"2322 EAST 4TH STREET, BK, 11223",-73.98841463554845,40.576042
83503.0,SKM,OUR LADY OF GRACE PARISH MINISTRY,718-645-2120,3162 BRIGHTON 4TH STREET,BK,11223,WED,12-12:30PM,"3162 BRIGHTON 4TH STREET, BK, 11223",-73.93772061991493,40.62310665
80345.0,FP,OUR LADY OF MERCY CHURCH,(718) 346-3166,680 MOTHER GASTON BLVD.,BK,11212,"MON,FRI",9-11AM,"680 MOTHER GASTON BLVD., BK, 11212",-73.9882724128866,40.6742827
82904.0,FP,OUR LADY OF MIRACLES-CANARSIE CLUSTER CENTER,718-257-2400,757 EAST 86TH STREET,BK,11236,SAT,10-11:30AM,"757 EAST 86TH STREET, BK, 11236",-73.96169052457921,40.5818395
80347.0,FP,OUR LADY OF REFUGE R.C. CHURCH,(718) 434-2090,2020 FOSTER AVE.,BK,11210,WED,10AM - 1PM,"2020 FOSTER AVE., BK, 11210",-73.88672095631946,40.633077
85802.0,FP,"PASWO (PAKISTANI AMERICAN SKILLED WOMEN ORGANIZATION, INC)",929-527-6842,930 DITMAS AVENUE,BK,11218,WED,1-3PM,"930 DITMAS AVENUE, BK, 11218",-73.99660340521828,40.602380249999996
85580.0,FP,PAYO FOOD PANTRY,718-713-2000,1045 CONEY ISLAND AVENUE,BK,11230,THUR,3-5PM,"1045 CONEY ISLAND AVENUE, BK, 11230",-73.95583058335112,40.6544917
85685.0,FPM,PAYO MOBILE FOOD PANTRY,718-713-2000,2483 65TH STREET,BK,11204,FRI,1:30-2:30PM,"2483 65TH STREET, BK, 11204",-73.9129337130988,40.66811265
85235.0,FP,PENIEL HAITIAN CHURCH OF C AND MA,718-469-3685,2741 ALBEMARLE ROAD,BK,11226,SAT/SAT(2ND),10AM-12PM/1-3PM,"2741 ALBEMARLE ROAD, BK, 11226",,
85373.0,FP,PENIEL SEVENTH DAY ADVENTIST CHURCH,518-652-3246,1210 UTICA AVENUE,BK,11203,FRI,10AM-12PM,"1210 UTICA AVENUE, BK, 11203",-73.9612725,40.6816269
80691.0,FP,PEOPLES BAPTIST CHURCH,718-676-0318,105 RIVERDALE AVENUE,BK,11212,"SAT (2,4)",12-2PM,"105 RIVERDALE AVENUE, BK, 11212",,
80373.0,FP,PIERREPONT FOOD PANTRY,(718) 722-6002,55 PIERREPONT STREET,BK,11201,"MON,THUR (BY APPT)",9AM-2PM,"55 PIERREPONT STREET, BK, 11201",-73.92556300864504,40.671661900000004
85227.0,FP,PRESBYTERIAN CHURCH OF THE CROSSROADS,646-322-3992,133 ELTON STREET,BK,11208,"WED (2,4)",10AM-12PM,"133 ELTON STREET, BK, 11208",-73.94663172924709,40.680620250000004
81586.0,FP,REACHING-OUT COMMUNITY SERVICES INC,(718) 373-4565,7708 NEW UTRECHT AVE,BK,11214,MON-FRI,9AM-5PM,"7708 NEW UTRECHT AVE, BK, 11214",-73.9280045,40.6552933
85667.0,FP,RED HOOK COMMUNITY - REDEMPTION CHURCH,347-526-2697,27 HUNTINGTON STREET,BK,11231,THUR,10AM-12PM,"27 HUNTINGTON STREET, BK, 11231",-73.90932338614505,40.678438
85118.0,FP,REDEEMED CHRISTIAN CHURCH OF GOD INTERNATIONAL CHAPEL,347-955-4403,781 EAST 93RD STREET,BK,11236,SAT,12-2PM,"781 EAST 93RD STREET, BK, 11236",-73.87438189189189,40.68377497297298
85744.0,FP,SAGE CENTER BROOKLYN (LOVE WINS FOOD PANTRY),646-518-9744,271 MYRTLE AVENUE (STONEWALL HOUSE),BK,11201,THUR (4),1-3PM,"271 MYRTLE AVENUE (STONEWALL HOUSE), BK, 11201",-73.93750136190647,40.6195535
81564.0,FP,SALT & SEA MISSION CHURCH INC.,917-873-9261,2417-2419 STILLWELL AVE,BK,11223,"TUE,THUR,SUN",10:30AM-12:45PM,"2417-2419 STILLWELL AVE, BK, 11223",,
83318.0,FP,"SANCTIFIED CHURCH OF GOD, INC/COMMUNITY FEEDING PROGRAM",718-493-2385,404 LEFFERTS AVE,BK,11225,SAT,12-1PM,"404 LEFFERTS AVE, BK, 11225",-73.92490986409821,40.65229465
85760.0,FP,"SANTANA & VARGAS CHARITIES, INC",718-885-4592,576 WILLOUGHBY AVENUE,BK,11206,M-W/SAT/SUN,10AM-12:3P/12-3P/3-5P,"576 WILLOUGHBY AVENUE, BK, 11206",-73.96417835001398,40.633753049999996
85237.0,FP,"SECOND ST. PAUL CHURCH OF CHRIST, DISCIPLE OF CHRIST, INC",718-235-8922,1048 SUTTER AVE,BK,11208,"SAT(2,4)",8-10AM,"1048 SUTTER AVE, BK, 11208",-73.925766,40.6822205
84206.0,FPK,SEPHARDIC BIKUR HOLIM FOOD PANTRY,718-787-1100,425 KINGS HIGHWAY,BK,11223,"M,TU,W,TH/FRI/TU,TH",9A-12:30P/9-11A/2-3:30P,"425 KINGS HIGHWAY, BK, 11223",-73.92227963026414,40.6600459
81156.0,FPK,SHALOM SENIOR CENTER,(718) 774-9213,483 ALBANY AVE,BK,11203,MON-FRI,12-1PM,"483 ALBANY AVE, BK, 11203",-73.9611443869833,40.65456055
81207.0,FP,SILOAM PRESBYTERIAN CHURCH FOOD PANTRY,(718) 789-7050,260 JEFFERSON AVENUE,BK,11216,WED,10AM-12PM,"260 JEFFERSON AVENUE, BK, 11216",-73.98376897645906,40.6690698
85325.0,FP,SISTERS WITH PURPOSE INC,646-460-4101,1540 VAN SICLEN AVE,BK,11239,SAT,9-10AM,"1540 VAN SICLEN AVE, BK, 11239",-73.98512300698849,40.577223950000004
81646.0,FP,SOLID ROCK BAPTIST CHURCH,(718) 384-8764,120 TOMPKINS AVE,BK,11206,"MON,THUR",9AM-12PM,"120 TOMPKINS AVE, BK, 11206",-73.9096596270243,40.6945531
83348.0,FP,SOUTH BKLYN SEVENTH DAY ADVENTIST CHURCH COMMUNITY SERVICE P,O(7G18R)A 7M83-1662,42 PROSPECT PLACE,BK,11217,"SUN(1,3)",11AM-2PM,"42 PROSPECT PLACE, BK, 11217",-73.96816824999999,40.693683050000004
83174.0,FP,"SOUTHSIDE UNITED H.D.F.C., INC - LOS SURES",718-599-1940,145 SOUTH 3RD STREET,BK,11211,TUE,9AM-12PM,"145 SOUTH 3RD STREET, BK, 11211",-74.00477238220319,40.65207345
80382.0,FP,ST. ATHANASIUS R.C. CHURCH FP,718-236-0124,2154 61ST STREET,BK,11204,MON,3:15-5PM,"2154 61ST STREET, BK, 11204",-73.96344349282137,40.5766231
85250.0,SK,ST. GEORGE'S EPISCOPAL CHURCH,718-789-6036,800 MARCY AVENUE,BK,11216,TUE-THUR,12:30-2PM,"800 MARCY AVENUE, BK, 11216",,
84230.0,FP,ST. GEORGE'S EPISCOPAL CHURCH FOOD PANTRY,718-789-6036,800 MARCY AVENUE,BK,11216,FRI,10AM-3PM,"800 MARCY AVENUE, BK, 11216",,
81626.0,FP,ST. JOHN'S BREAD & LIFE FOOD PANTRY,(718) 574-0058,795 LEXINGTON AVE,BK,11221,MON-THUR,8AM-1PM,"795 LEXINGTON AVE, BK, 11221",-73.98841463554845,40.576042
80393.0,SK,ST. JOHN'S BREAD & LIFE PROGRAM,(718) 574-0058,795 LEXINGTON AVE,BK,11221,MON-THUR,10AM-12PM,"795 LEXINGTON AVE, BK, 11221",-73.98841463554845,40.576042
85558.0,FP,ST. MARK'S UNITED METHODIST CHURCH,718-282-6304,2017 BEVERLEY ROAD,BK,11226,FRI,12-3PM,"2017 BEVERLEY ROAD, BK, 11226",-73.93772061991493,40.62310665
85316.0,FP,ST. PAUL PENTECOSTAL CHURCH,917-604-9644,133 THOMAS S BOYLAND STREET,BK,11233,SAT,11AM - 1PM,"133 THOMAS S BOYLAND STREET, BK, 11233",-73.9882724128866,40.6742827
80401.0,FP,ST. PHILIP'S EPISCOPAL/ST. BENEDICT'S PANTRY,(718) 778-8700,265 DECATUR STREET,BK,11233,WED,11AM-1PM,"265 DECATUR STREET, BK, 11233",-73.96169052457921,40.5818395
81324.0,FP,ST. STEPHEN OUTREACH COMMUNITY DEVELOPMENT CORPORATION,718-938-4532,874 MYRTLE AVENUE,BK,11206,"WED,FRI",9-10:30AM,"874 MYRTLE AVENUE, BK, 11206",-73.88672095631946,40.633077
81412.0,SK,ST. STEPHEN OUTREACH COMMUNITY DEVELOPMENT CORPORATION,718-938-4532,874 MYRTLE AVENUE,BK,11206,WED-FRI,11AM-1PM,"874 MYRTLE AVENUE, BK, 11206",-73.99660340521828,40.602380249999996
80403.0,FP,ST. TERESA OF AVILA,347-933-0964,560 STERLING PLACE,BK,11238,"THUR (1,2,3,4)",8-11AM,"560 STERLING PLACE, BK, 11238",-73.95583058335112,40.6544917
85229.0,FP,ST. THERESE OF LISIEUX R.C. CHURCH,718-451-0683,4410 AVENUE D,BK,11203,TUE,10:30AM-12:30PM,"4410 AVENUE D, BK, 11203",-73.9129337130988,40.66811265
84761.0,FP,THE CHURCH OF ST. MARK,(718) 756-6607,1417 UNION STREET,BK,11213,"FRI(1,2,3,4)",11:30AM-1:30PM,"1417 UNION STREET, BK, 11213",,
83608.0,FP,THE CITY OF GRACE INC,(718) 693-7074,3402 TILDEN AVENUE,BK,11203,TUE,11AM-1PM,"3402 TILDEN AVENUE, BK, 11203",-73.9612725,40.6816269
80366.0,FP,THE SALVATION ARMY BEDFORD TEMPLE CORPS,718-721-9046,601 LAFAYETTE AVENUE,BK,11216,WED,10AM-12PM,"601 LAFAYETTE AVENUE, BK, 11216",,
81057.0,FP,THE SALVATION ARMY BUSHWICK CORPS,(718) 455-4102,1151 BUSHWICK AVENUE,BK,11221,"MON,TUE,THUR",10AM-12PM,"1151 BUSHWICK AVENUE, BK, 11221",-73.92556300864504,40.671661900000004
80364.0,SK,THE SALVATION ARMY BUSHWICK CORPS,(718) 455-4102,1151 BUSHWICK AVENUE,BK,11221,"M,TU,TH,FRI",12:30-2PM,"1151 BUSHWICK AVENUE, BK, 11221",-73.94663172924709,40.680620250000004
80357.0,FP,THE SALVATION ARMY SUNSET PARK CORPS,(718) 438-1771,520 50TH STREET,BK,11220,"TUE,WED,THUR",10AM-12PM,"520 50TH STREET, BK, 11220",-73.9280045,40.6552933
83082.0,SK,THE SALVATION ARMY SUNSET PARK CORPS,(718) 438-1771,520 50TH STREET,BK,11220,TUE-THUR,12:30-1:30PM,"520 50TH STREET, BK, 11220",-73.90932338614505,40.678438
85498.0,FP,THE TABLE AT THE FAMILY SUPPORT CENTER AT NYU LANGONE,718-630-7171,550 59TH STREET,BK,11220,FRI,9AM-12PM,"550 59TH STREET, BK, 11220",-73.87438189189189,40.68377497297298
85561.0,FP,THE TEMPLE OF RESTORATION TTOR FOOD PANTRY,646-863-4239,18 HERKIMER PLACE,BK,11216,"THUR,THUR/SAT",10AM-4PM/10AM-1PM,"18 HERKIMER PLACE, BK, 11216",-73.93750136190647,40.6195535
84354.0,FP,THURSTON MEMORIAL OUTREACH MINISTRIES,(718) 452-3646,1243 BUSHWICK AVE,BK,11221,FRI,2-4:30PM,"1243 BUSHWICK AVE, BK, 11221",,
83364.0,FPK,TOMCHE SHABBOS OF BORO PARK,(718) 259-5576,6225 NEW UTRECHT AVE,BK,11219,WED,3-5PM,"6225 NEW UTRECHT AVE, BK, 11219",-73.92490986409821,40.65229465
80419.0,FP,TRANSFIGURATION CHURCH,718-782-8181,263 & 280 MARCY AVENUE,BK,11211,"TUE, WED",9AM-12PM,"263 & 280 MARCY AVENUE, BK, 11211",-73.96417835001398,40.633753049999996
85506.0,FP,TREASURES IN EARTHEN JARS FOOD PANTRY,718-308-9147,4124 AVENUE H,BK,11210,SAT,1-3PM,"4124 AVENUE H, BK, 11210",-73.925766,40.6822205
80421.0,FP,TRINITY HUMAN SERVICE CORPORATION,(718) 388-3176,153 A JOHNSON AVENUE,BK,11206,TUE-FRI,9AM-12PM&1-4PM,"153 A JOHNSON AVENUE, BK, 11206",-73.92227963026414,40.6600459
82195.0,FP,TRUE HOLY CHURCH OF GOD IN CHRIST JESUS,(718) 385-0248,2364 ATLANTIC AVENUE,BK,11233,SAT,10AM-12PM,"2364 ATLANTIC AVENUE, BK, 11233",-73.9611443869833,40.65456055
85139.0,SK,UNITED COMMUNITY BAPTIST CHURCH,718-467-7708,545 UTICA AVENUE,BK,11203,SAT,10AM-12PM,"545 UTICA AVENUE, BK, 11203",-73.98376897645906,40.6690698
83449.0,FP,URBAN STRATEGIES INC,(718) 346-2539,61-71 RIVERDALE AVENUE,BK,11212,TUE,8-10AM,"61-71 RIVERDALE AVENUE, BK, 11212",-73.98512300698849,40.577223950000004
85743.0,FP,VINEGAR HILL FOOD PANTRY,908-403-5755,228 YORK STREET,BK,11201,"TUE (2,4)",12-1PM,"228 YORK STREET, BK, 11201",-73.9096596270243,40.6945531
85661.0,FP,WE CREATE COMMUNITY FOOD PANTRY,347-409-5414,8501 NEW UTRECHT AVENUE,BK,11214,THUR,10:30-11:30AM,"8501 NEW UTRECHT AVENUE, BK, 11214",-73.96816824999999,40.693683050000004
85549.0,FP,WORLD FOR CHRIST FOOD SERVICES,347-249-8928,1091 CLARKSON AVENUE,BK,11212,"SAT(2,4)",10AM-12PM,"1091 CLARKSON AVENUE, BK, 11212",-74.00477238220319,40.65207345
83820.0,FP,YMCA COMMUNITY MARKET-NORTH BROOKLYN YMCA,212-912-2230,570 JAMAICA AVENUE,BK,11208,"TUE(1,3)",12-5PM,"570 JAMAICA AVENUE, BK, 11208",-73.96344349282137,40.5766231
81699.0,FPK,ZICHRON ACHEINU LEVY-MENACHEM TZION,347-742-0552,4518 11TH AVENUE,BK,11219,WED,10-11AM,"4518 11TH AVENUE, BK, 11219",,
81061.0,FP,"ABRAHAM HOUSE, INC",718-292-9321,340 WILLIS AVENUE,BX,10454,SAT,9-11AM,"340 WILLIS AVENUE, BX, 10454",,
85455.0,FP,ABUNDANT GRACE FOR THE FORSAKEN FOOD PANTRY,347-350-4698,3101 EASTCHESTER ROAD,BX,10469,SAT,9-11AM,"3101 EASTCHESTER ROAD, BX, 10469",-73.98841463554845,40.576042
85729.0,FP,ADMIRABLE CHRIST MINISTRIES FOOD PANTRY,570-856-7065,1446 PROSPECT AVENUE,BX,10456,"FRI (2,4)",2-3:30PM,"1446 PROSPECT AVENUE, BX, 10456",-73.98841463554845,40.576042
85545.0,FP,ASH-SHIFAA INC FP,646-353-0859,2269 CROTONA AVENUE,BX,10457,M-THUR/FRI,1-5PM/2-5PM,"2269 CROTONA AVENUE, BX, 10457",-73.93772061991493,40.62310665
80085.0,FP,BLACK FORUM OF CO-OP CITY,(718) 320-8035,920 BAYCHESTER AVE (REAR LOBBY LEVEL),BX,10475,"TUE, THUR,FRI",11AM-12:45PM,"920 BAYCHESTER AVE (REAR LOBBY LEVEL), BX, 10475",-73.9882724128866,40.6742827
81597.0,FPHA,BOOM! HEALTH,718-295-5960,3144 3RD AVENUE,BX,10451,"MON,WED,THUR",11AM-12:30PM,"3144 3RD AVENUE, BX, 10451",-73.96169052457921,40.5818395
85317.0,FP,BREAD OF LIFE FOOD PANTRY,347-235-3723,1104 ELDER AVENUE #15,BX,10472,SAT,1:30 - 4:30PM,"1104 ELDER AVENUE #15, BX, 10472",-73.88672095631946,40.633077
85109.0,FP,BRONX BETHANY COMMUNITY CORPORATION,718-697-9672,971 EAST 227TH STREET,BX,10466,"WED(1,2,3,4)/TH(1,2,3,4)",9-11AM/3-6PM,"971 EAST 227TH STREET, BX, 10466",-73.99660340521828,40.602380249999996
80026.0,FP,BRONX SEVENTH DAY ADVENTIST CHURCH,646-353-8926,1695 WASHINGTON AVENUE,BX,10457,THUR,2-5PM,"1695 WASHINGTON AVENUE, BX, 10457",-73.95583058335112,40.6544917
80029.0,FP,BRONX TEMPLE SEVENTH DAY ADVENTIST CHURCH,718-842-4504,495 WILLIS AVENUE,BX,10455,"M,W,THUR",11:30AM-2:30PM,"495 WILLIS AVENUE, BX, 10455",-73.9129337130988,40.66811265
85786.0,FP,CALVARY UNITED METHODIST CHURCH FOOD PANTRY,718-299-4732,1885 UNIVERSITY AVENUE,BX,10453,FRI,11AM-1PM,"1885 UNIVERSITY AVENUE, BX, 10453",,
82750.0,FP,CCCS BRONX FOOD PANTRY,718-292-9090,402 EAST 152ND STREET,BX,10455,"WED/THUR,FRI",4-6PM/10AM-12PM,"402 EAST 152ND STREET, BX, 10455",-73.9612725,40.6816269
85795.0,FP,CHAPEL OF THE GREAT RESTORER FOOD PANTRY,718-673-8139,1121 LONGWOOD AVENUE,BX,10474,SAT (2ND),12-2PM,"1121 LONGWOOD AVENUE, BX, 10474",,
85225.0,FP,CHRIST DISCIPLES INTERNATIONAL MINISTRIES,917-999-8459,3021-31 WEBSTER AVENUE,BX,10467,"MON,WED/SAT",10AM-3PM/9:30AM-12:30PM,"3021-31 WEBSTER AVENUE, BX, 10467",-73.92556300864504,40.671661900000004
85703.0,FP,CHURCH OF GOD OF BRONXWOOD AVENUE,718-652-0337,3232 LURTING AVENUE,BX,10469,WED/SAT,10AM-2PM,"3232 LURTING AVENUE, BX, 10469",-73.94663172924709,40.680620250000004
80175.0,FP,CHURCH OF ST. NICHOLAS OF TOLENTINE,718-295-6800,2345 UNIVERSITY AVE (BASEMENT FORDHAM RD ENT.),BX,10468,TUE,9-11AM,"2345 UNIVERSITY AVE (BASEMENT FORDHAM RD ENT.), BX, 10468",-73.9280045,40.6552933
85482.0,FP,CHURCH OF THE ATONEMENT FOOD PANTRY,718-828-6078,1344 BEACH AVENUE,BX,10472,"SAT (2,4)",10AM-12PM,"1344 BEACH AVENUE, BX, 10472",-73.90932338614505,40.678438
85353.0,FPM,CITY HARVEST - MELROSE MOBILE MARKET,646-412-0740,286 EAST 156TH STREET,BX,10451,"WED(4),SAT(2)",9:30-11:30AM,"286 EAST 156TH STREET, BX, 10451",-73.87438189189189,40.68377497297298
85355.0,FPM,CITY HARVEST - ST. MARY'S MOBILE MARKET,646-412-0740,595 TRINITY AVENUE,BX,10455,"TUE(4),SAT(2)",9:30-11:30AM,"595 TRINITY AVENUE, BX, 10455",-73.93750136190647,40.6195535
85702.0,FPM,CITYMEALS ON WHEELS,718-599-2080,309 DRAKE STREET,BX,10473,MON-FRI,7AM-4PM,"309 DRAKE STREET, BX, 10473",,
85307.0,FP,COOP CITY SDA CHURCH FOOD PANTRY,929-504-6163,1010 BAYCHESTER AVENUE,BX,10475,"WED (1,2,3,4)",5-7PM,"1010 BAYCHESTER AVENUE, BX, 10475",-73.92490986409821,40.65229465
81347.0,SK,"CRESTON AVENUE BAPTIST CHURCH OF CHRIST, INC",(718) 367-1754,114 EAST 188TH STREET,BX,10468,SAT,12-2PM,"114 EAST 188TH STREET, BX, 10468",-73.96417835001398,40.633753049999996
81348.0,FP,"CRESTON AVENUE BAPTIST CHURCH, INC",(718) 367-1754,114 EAST 188TH STREET,BX,10468,"MON,WED,FRI",12-2PM,"114 EAST 188TH STREET, BX, 10468",-73.925766,40.6822205
87062.0,FP,DAVIDSON COMMUNITY CENTER INC,718-731-6360,2038 DAVIDSON AVENUE,BX,10453,FRI,5-8PM,"2038 DAVIDSON AVENUE, BX, 10453",-73.92227963026414,40.6600459
85765.0,FP,"DISCIPLES OF GALILEE, INC",347-293-6166,725 CASTLE HILL AVENUE,BX,10473,FRI,1-2:30PM,"725 CASTLE HILL AVENUE, BX, 10473",-73.9611443869833,40.65456055
85805.0,FP,EASTCHESTER PRESBYTERIAN CHURCH,718-920-0679,3154 FISH AVENUE,BX,10469,SAT (3RD),10-11AM,"3154 FISH AVENUE, BX, 10469",-73.98376897645906,40.6690698
81315.0,SK,EASTCHESTER PRESBYTERIAN CHURCH,(718) 798-1855,3154 FISH AVENUE,BX,10469,THUR,5-6PM,"3154 FISH AVENUE, BX, 10469",-73.98512300698849,40.577223950000004
85003.0,FP,EMANUEL PENTECOSTAL FAITH CHURCH,718-842-4092,1310 ELDER AVE,BX,10472,WED,4-6PM,"1310 ELDER AVE, BX, 10472",-73.9096596270243,40.6945531
81145.0,FP,FELLOWSHIP COVENANT CHURCH,718-829-2116,720 CASTLE HILL AVENUE,BX,10473,WED,9-11:30AM,"720 CASTLE HILL AVENUE, BX, 10473",-73.96816824999999,40.693683050000004
85796.0,FP,FOOD AND NUTRITION SERVICES PROGRAM,347-974-7397,1802 CROTONA AVENUE,BX,10467,WED,2-4PM,"1802 CROTONA AVENUE, BX, 10467",-74.00477238220319,40.65207345
80065.0,FP,GETHSEMANE BAPTIST CHURCH,347-948-0772,771 FAIRMOUNT PLACE,BX,10460,THUR,8-10AM,"771 FAIRMOUNT PLACE, BX, 10460",-73.96344349282137,40.5766231
85560.0,FP,GIVE BY GRACE WHAT BY GRACE YOU HAVE RECEIVED INC,718-710-9339,936 EAST 165TH STREET,BX,10459,FRI,12-1:30PM,"936 EAST 165TH STREET, BX, 10459",,
82096.0,FP,GIVE THEM TO EAT,718-993-8378,800 EAST 156TH STREET,BX,10455,FRI,12-2PM,"800 EAST 156TH STREET, BX, 10455",,
85608.0,FP,GOD BLESS YOU ALL INC (BRONX),347-962-6047,1926 CROTONA PARKWAY,BX,10460,"TUE,THUR",11AM-3PM,"1926 CROTONA PARKWAY, BX, 10460",-73.98841463554845,40.576042
85533.0,FP,GOOD NEIGHBOR COMMUNITY OUTREACH AGENCY INC,718-652-3288,3356 SEYMOUR AVENUE,BX,10469,"WED,THUR",12-2PM,"3356 SEYMOUR AVENUE, BX, 10469",-73.98841463554845,40.576042
85699.0,FP,GRACE & PEACE FOOD BANK,718-924-8839,525 COMPTON AVENUE,BX,10473,"SAT (1,3)",9AM-12PM,"525 COMPTON AVENUE, BX, 10473",-73.93772061991493,40.62310665
81436.0,SK,GRACE EPISCOPAL CHURCH,(718) 542-1946,1909 VYSE AVENUE,BX,10460,SAT,12-1:30PM,"1909 VYSE AVENUE, BX, 10460",-73.9882724128866,40.6742827
81435.0,FP,GRACE EPISCOPAL CHURCH  (BX),(718) 542-1946,1909 VYSE AVENUE,BX,10460,THUR,7:30-10:30AM,"1909 VYSE AVENUE, BX, 10460",-73.96169052457921,40.5818395
81113.0,FP,GRAND CONCOURSE SEVENTH DAY ADVENTIST CHURCH,718-681-2232,1275 GRAND CONCOURSE,BX,10452,WED(CLOSED 5TH WED),1:30-4PM,"1275 GRAND CONCOURSE, BX, 10452",-73.88672095631946,40.633077
85803.0,FP,GURU SEVA HIDU MILAN MANDIR CULTURAL GROUP,347-951-5669,3201 BRUCKNER BLVD,BX,10461,SAT,11AM-3PM,"3201 BRUCKNER BLVD, BX, 10461",-73.99660340521828,40.602380249999996
84228.0,FP,HEAVENLY VISION CHRISTIAN CENTER,(718) 220-8124,2868 JEROME AVE,BX,10468,TUE,9-10:30AM,"2868 JEROME AVE, BX, 10468",-73.95583058335112,40.6544917
80081.0,FP,HOLY TABERNACLE CHURCH INC.,(718) 293-9862,3780 THIRD AVENUE,BX,10456,TUE,4:30-5PM,"3780 THIRD AVENUE, BX, 10456",-73.9129337130988,40.66811265
80082.0,SK,HOLY TABERNACLE CHURCH INC.,(718) 293-9862,3780 THIRD AVENUE,BX,10456,TUE,3:30-4:30PM,"3780 THIRD AVENUE, BX, 10456",,
85719.0,FPH,ICNA RELIEF BURKE AVENUE BRONX PANTRY,214-463-3227,1277-D BURKE AVENUE,BX,10469,SAT,9-11AM,"1277-D BURKE AVENUE, BX, 10469",-73.9612725,40.6816269
85285.0,FP,INSPIRATIONAL GOSPEL ASSEMBLY,347-758-6447,1211 BROOK AVENUE,BX,10456,SAT,11AM-1PM,"1211 BROOK AVENUE, BX, 10456",,
85505.0,FP,JAMAICA BENEVOLENT ARM & CULTURAL CENTER,646-907-9858,2230 LIGHT STREET,BX,10466,SAT,10AM-12PM,"2230 LIGHT STREET, BX, 10466",-73.92556300864504,40.671661900000004
85736.0,FP,"JESUS RECONCILIATION MINISTRIES, INC",718-844-8704,4051 BARNES AVENUE,BX,10466,"SAT (2,4)",12-2PM,"4051 BARNES AVENUE, BX, 10466",-73.94663172924709,40.680620250000004
80086.0,FPK,JEWISH COMMUNITY COUNCIL OF PELHAM PARKWAY,(718) 792-4744,2157 HOLLAND AVE,BX,10462,THUR,11AM-3PM,"2157 HOLLAND AVE, BX, 10462",-73.9280045,40.6552933
83465.0,SK,LOYAL BAPTIST CHURCH,(718) 328-3512,881 EAST 167TH STREET,BX,10459,THUR,11AM-3PM,"881 EAST 167TH STREET, BX, 10459",-73.90932338614505,40.678438
85600.0,FP,LT WORKS FOOD PANTRY,347-810-1201,2347 LAFAYETTE AVENUE,BX,10473,THUR,10:30AM-12:30PM,"2347 LAFAYETTE AVENUE, BX, 10473",-73.87438189189189,40.68377497297298
84319.0,FP,"MANNA OF LIFE MINISTRIES, INC",347-577-5788,1101 BOSTON ROAD,BX,10456,"WED,THUR,SAT",8AM-12PM,"1101 BOSTON ROAD, BX, 10456",-73.93750136190647,40.6195535
84177.0,SK,"MANNA OF LIFE MINISTRIES, INC",347-577-5788,1101 BOSTON ROAD,BX,10456,SAT,9AM-1PM,"1101 BOSTON ROAD, BX, 10456",,
84086.0,FPHA,MOMENTUM PROJECT @ CHURCH OF THE GOD OF PROPHECY,718-292-7718,85 EAST 165TH STREET,BX,10452,TUE,11AM-1PM,"85 EAST 165TH STREET, BX, 10452",-73.92490986409821,40.65229465
85785.0,FP,MORNING STAR FULL GOSPEL ASSEMBLY,718-294-6020,464 TREMONT AVENUE,BX,10457,WED,4-6PM,"464 TREMONT AVENUE, BX, 10457",-73.96417835001398,40.633753049999996
84953.0,FP,MORRISANIA REVITALIZATION CORP INC,718-589-7858,576B EAST 165TH STREET,BX,10456,"MON,WED,FRI",9AM-1PM,"576B EAST 165TH STREET, BX, 10456",-73.925766,40.6822205
87090.0,FP,MOSAIC BEACON COMMUNITY CENTER,917-962-9955,1257 OGDEN AVENUE,BX,10452,FRI,3-5PM,"1257 OGDEN AVENUE, BX, 10452",-73.92227963026414,40.6600459
85499.0,FP,MOSHOLU MONTEFIORE COMMUNITY CENTER FP,718-882-4000,3450 DEKALB AVENUE,BX,10467,"WED (2,3,4)",10AM-12PM,"3450 DEKALB AVENUE, BX, 10467",-73.9611443869833,40.65456055
83678.0,FP,MOUNT PISGAH BAPTIST CHURCH,914-882-7383,709 EAST 228TH STREET,BX,10466,"SAT(2,3)",9:30AM-11:30AM,"709 EAST 228TH STREET, BX, 10466",-73.98376897645906,40.6690698
85713.0,FPH,MUNA SOCIAL SERVICE BAITUL ISLAM MASJID,212-920-6202,2107 DAVIDSON AVENUE,BX,10453,"THUR (2,4)",2:30-3:30PM,"2107 DAVIDSON AVENUE, BX, 10453",-73.98512300698849,40.577223950000004
85709.0,FPH,MUNA SOCIAL SERVICE PARKCHESTER ISLAMIC CENTER,212-920-6202,1375 VIRGINIA AVENUE,BX,10462,"THUR(2,4)",5-6PM,"1375 VIRGINIA AVENUE, BX, 10462",-73.9096596270243,40.6945531
85788.0,FP,NEW COVENANT COMMUNITY CORP FP (NCCDC ELG PANTRY),718-328-6072,1240 EDWARD L. GRANT HIGHWAY,BX,10452,MON,11AM - 1PM,"1240 EDWARD L. GRANT HIGHWAY, BX, 10452",-73.96816824999999,40.693683050000004
84268.0,FP,NEW COVENANT COMMUNITY DEVELOPMENT CORP,718-328-6072,1175 BOSTON ROAD,BX,10456,TUE/THUR,2-4PM/10AM-1PM,"1175 BOSTON ROAD, BX, 10456",-74.00477238220319,40.65207345
85387.0,FP,NEW YORK COMMON PANTRY - BRONX,917-423-2701,1290 HOE AVENUE,BX,10459,THUR-SAT,10AM-2:30PM,"1290 HOE AVENUE, BX, 10459",-73.96344349282137,40.5766231
82781.0,FP,NORTH BRONX SEVENTH DAY ADVENTIST CHURCH,718-882-4907,3743 BRONXWOOD AVENUE,BX,10469,FRI,9AM-12PM,"3743 BRONXWOOD AVENUE, BX, 10469",,
85565.0,FP,PARKCHESTER BAPTIST CHURCH,718-823-8124,2021 BENEDICT AVENUE,BX,10462,"TUE (2,4)",11AM-12PM,"2021 BENEDICT AVENUE, BX, 10462",,
83550.0,FP,PART OF THE SOLUTION,(718) 220-4892,2759 WEBSTER AVENUE,BX,10458,MON-SAT,8:30-11AM,"2759 WEBSTER AVENUE, BX, 10458",-73.98841463554845,40.576042
80121.0,SK,PART OF THE SOLUTION (P.O.T.S.),(718) 220-4892,2759 WEBSTER AVENUE,BX,10458,MON-FRI,12:30-3:30PM,"2759 WEBSTER AVENUE, BX, 10458",-73.98841463554845,40.576042
85186.0,SK,PATHHSEO INC,917-471-9188,1357 SOUTHERN BLVD,BX,10459,SAT,12-2PM,"1357 SOUTHERN BLVD, BX, 10459",-73.93772061991493,40.62310665
85300.0,FP,"POWER PRAISE AND DELIVERANCE, INC",347-409-0288,120 EAST 184TH STREET,BX,10468,FRI,12-4PM,"120 EAST 184TH STREET, BX, 10468",-73.9882724128866,40.6742827
85472.0,FP,PRODIGAL CENTER,718-644-8523,709 TIFFANY STREET,BX,10474,TUE,11AM-2PM,"709 TIFFANY STREET, BX, 10474",-73.96169052457921,40.5818395
85294.0,FP,REDEEMED CHRISTIAN CHURCH OF GOD,718-293-8996,1001-1005 MORRIS AVENUE,BX,10456,TUE,2-6PM,"1001-1005 MORRIS AVENUE, BX, 10456",-73.88672095631946,40.633077
82716.0,FP,RESURRECTION AND LIFE PENTECOSTAL CHURCH,929-472-4201,870 EAST 163RD STREET,BX,10459,TUE/SAT,12-2PM/10AM-12PM,"870 EAST 163RD STREET, BX, 10459",-73.99660340521828,40.602380249999996
85718.0,FP,REVELACION DIVINA FOOD PANTRY,NONE PROVIDE,240 EAST 175TH STREET,BX,10457,MON,5-7PM,"240 EAST 175TH STREET, BX, 10457",-73.95583058335112,40.6544917
85792.0,FP,ROMAN CATHOLIC CHURCH OF ST. HELENA,718-892-3232,1315 OLMSTEAD AVENUE,BX,10462,WED,12-2PM,"1315 OLMSTEAD AVENUE, BX, 10462",-73.9129337130988,40.66811265
85748.0,FP,SAGE CENTER BRONX (LOVE WINS FOOD PANTRY),718-960-3339,1784 PROSPECT AVENUE,BX,10457,THUR (3),1-3PM,"1784 PROSPECT AVENUE, BX, 10457",,
83382.0,FP,SHOUT FOR JOY BAPTIST CHURCH INC,347-400-0409,456 WHITE PLAINS ROAD,BX,10473,SAT,8-9:30AM,"456 WHITE PLAINS ROAD, BX, 10473",-73.9612725,40.6816269
82210.0,FP,SPANISH SEVENTH DAY ADVENTIST CHURCH FOOD PANTRY,718-991-7362,1038 PROSPECT AVENUE,BX,10459,THUR,8:30-11:30AM,"1038 PROSPECT AVENUE, BX, 10459",,
82315.0,FP,SPANISH SOUNDVIEW SEVENTH DAY ADVENTIST CHURCH,718-842-7373,1822 LACOMBE AVENUE,BX,10473,WED,8AM-12:30PM,"1822 LACOMBE AVENUE, BX, 10473",-73.92556300864504,40.671661900000004
80149.0,FP,ST. ANN'S CHURCH OF MORRISANIA,(718) 585-5632,295 ST. ANN'S AVENUE,BX,10454,WED,10AM-1PM & 5-6PM,"295 ST. ANN'S AVENUE, BX, 10454",-73.94663172924709,40.680620250000004
80150.0,SK,ST. ANN'S CHURCH OF MORRISANIA,(718) 585-5632,295 ST. ANN'S AVENUE,BX,10454,SUN,11AM-1PM,"295 ST. ANN'S AVENUE, BX, 10454",-73.9280045,40.6552933
84034.0,SK,ST. ANN'S CORNER OF HARM REDUCTION,718-585-5544,886 WESTCHESTER AVENUE,BX,10459,M-F,9AM-11PM,"886 WESTCHESTER AVENUE, BX, 10459",-73.90932338614505,40.678438
81511.0,SK,ST. ANTHONY'S CHURCH,(718) 931-4040,1750 MANSION STREET,BX,10460,SAT,7AM-1PM,"1750 MANSION STREET, BX, 10460",-73.87438189189189,40.68377497297298
85480.0,FP,ST. BRENDAN & ST. ANN PARISH,718-547-6655,268 EAST 207TH STREET,BX,10467,SAT,7:30-9AM,"268 EAST 207TH STREET, BX, 10467",-73.93750136190647,40.6195535
81316.0,FP,ST. EDMUNDS YOUTH PROGRAM INC,(718) 466-9370,1905 MORRIS AVENUE,BX,10453,THUR,12-2PM,"1905 MORRIS AVENUE, BX, 10453",,
85737.0,FP,ST. JAMES PLACE,718-367-0655,2500 JEROME AVENUE,BX,10468,"SAT (2,LAST)",9:30-10:30AM,"2500 JEROME AVENUE, BX, 10468",-73.92490986409821,40.65229465
82756.0,FP,ST. JEROME H.A.N.D.S. COMMUNITY CENTER,718-402-7866,330 EAST 138TH STREET,BX,10454,WED,10AM-1PM,"330 EAST 138TH STREET, BX, 10454",-73.96417835001398,40.633753049999996
80159.0,FP,ST. LUKES FOOD PANTRY,(718) 665-6677,623 EAST 138TH STREET,BX,10454,FRI,10AM-1PM,"623 EAST 138TH STREET, BX, 10454",-73.925766,40.6822205
80161.0,SK,ST. LUKE'S SENIOR COMMUNITY PROGRAM,(718) 882-3060,765 EAST 222ND STREET,BX,10467,MON-FRI,12-1PM,"765 EAST 222ND STREET, BX, 10467",-73.92227963026414,40.6600459
80162.0,FP,ST. PAUL'S LUTHERAN CHURCH,(718) 822-4535,1891 McGRAW AVENUE,BX,10462,FRI,8-10AM,"1891 McGRAW AVENUE, BX, 10462",-73.9611443869833,40.65456055
85174.0,FP,ST. PETER'S LOVE PANTRY,718-931-9270,2500 WESTCHESTER AVENUE,BX,10461,"TUE (1,3)",10AM-12PM,"2500 WESTCHESTER AVENUE, BX, 10461",-73.98376897645906,40.6690698
85741.0,FP,ST. SIMON STOCK FOOD PANTRY,718-367-1251,2195 VALENTINE AVENUE,BX,10457,FRI,9-10AM,"2195 VALENTINE AVENUE, BX, 10457",-73.98512300698849,40.577223950000004
80167.0,FP,ST. THOMAS AQUINAS FOOD PANTRY,718-589-5235,1900 CROTONA PARKWAY (SIDE OF CHURCH/BASEMENT),BX,10460,WED,10AM-12PM,"1900 CROTONA PARKWAY (SIDE OF CHURCH/BASEMENT), BX, 10460",-73.9096596270243,40.6945531
80015.0,FP,THE BIBLE CHURCH OF CHRIST,718-293-1928,1358 MORRIS AVENUE,BX,10456,"SUN (2,4)",4-6PM,"1358 MORRIS AVENUE, BX, 10456",-73.96816824999999,40.693683050000004
85056.0,FPH,THE COMMUNITY FOOD PANTRY,718-960-2262,1363 OGDEN AVE,BX,10452,TUE/THUR/1ST SAT,10AM-1PM/12-3PM/10AM-12PM,"1363 OGDEN AVE, BX, 10452",-74.00477238220319,40.65207345
85594.0,FP,THE GAMBIAN YOUTH ORGANIZATION FOOD PANTRY,646-470-6330,214 EAST 181ST STREET,BX,10457,"SUN (,4)",2-5PM,"214 EAST 181ST STREET, BX, 10457",-73.96344349282137,40.5766231
85574.0,FP,THE KINGSBRIDGE HEIGHTS COMMUNITY CENTER INC,718-884-0700,3067 KINGSBRIDGE TERRACE,BX,10463,"TUE,THUR",11AM-1:30PM,"3067 KINGSBRIDGE TERRACE, BX, 10463",,
80137.0,FP,THE SALVATION ARMY BRONX CITADEL,(718) 665-8472,425 EAST 159TH STREET,BX,10451,TUE,9AM-12PM,"425 EAST 159TH STREET, BX, 10451",,
81048.0,SK,THE SALVATION ARMY BRONX CITADEL,(718) 665-8472,425 EAST 159TH STREET,BX,10451,"MON,WED,FRI",1-2PM,"425 EAST 159TH STREET, BX, 10451",-73.98841463554845,40.576042
80174.0,FP,THESSALONIA BAPTIST CHURCH,(718) 542-0828,951 REV. JAMES POLITE AVE,BX,10459,TUE,10-11:30AM,"951 REV. JAMES POLITE AVE, BX, 10459",-73.98841463554845,40.576042
81637.0,FP,THORPE FAMILY RESIDENCE,718-295-2550,406 EAST 184TH STREET,BX,10458,WED,7:30-9:30AM,"406 EAST 184TH STREET, BX, 10458",-73.93772061991493,40.62310665
85283.0,FP,UNION GROVE BAPTIST CHURCH,347-590-3881,1488 HOE AVENUE,BX,10460,WED,9-11AM,"1488 HOE AVENUE, BX, 10460",-73.9882724128866,40.6742827
81319.0,SKM,"UNITED BRONX PARENTS, INC.",(718) 991-7100,603 PROSPECT AVENUE,BX,10455,MON-FRI,2:30-4PM,"603 PROSPECT AVENUE, BX, 10455",-73.96169052457921,40.5818395
85329.0,FP,"UNITED YES WE CAN, UNIDOS SISE PUEDE, INC",646-321-5045,4327-4331 WHITE PLAINS ROAD,BX,10466,SAT,12-3PM,"4327-4331 WHITE PLAINS ROAD, BX, 10466",-73.88672095631946,40.633077
84129.0,FP,VINEYARD INTERNATIONAL CHRISTIAN MINISTRIES,718-538-9211,1140 TELLER AVE,BX,10456,SAT,10AM-12PM,"1140 TELLER AVE, BX, 10456",-73.99660340521828,40.602380249999996
81582.0,FP,"WAY OUT CHURCH MINISTRIES, INC",718-665-8069,520 EAST 148TH STREET,BX,10455,"WED,FRI",9-10:30AM,"520 EAST 148TH STREET, BX, 10455",-73.95583058335112,40.6544917
84438.0,FP,WHEDCO - FOOD PANTRY,718-839-1100,50 EAST 168TH STREET,BX,10452,WED,9:30-10:30AM,"50 EAST 168TH STREET, BX, 10452",-73.9129337130988,40.66811265
85011.0,SK,WOODYCREST UNITED METHODIST CHURCH,718-538-7500,89 WEST 166TH STREET,BX,10452,WED,12-1:30PM,"89 WEST 166TH STREET, BX, 10452",,
85027.0,FP,WORD OF LIFE CHRISTIAN FELLOWSHIP,718-861-5678,830 UNION AVENUE,BX,10459,THUR/SAT,11AM-2PM/11AM-4PM,"830 UNION AVENUE, BX, 10459",-73.9612725,40.6816269
85031.0,FP,"WORLD RESTORATION CENTER, INC",718-971-1764,488 EAST 164TH STREET,BX,10456,SAT,12-2PM,"488 EAST 164TH STREET, BX, 10456",,
81546.0,FP,ADVENT LUTHERAN CHURCH,212-665-2504,2504 BROADWAY,NY,10025,"SAT (1,3)",10AM-12PM,"2504 BROADWAY, NY, 10025",-73.92556300864504,40.671661900000004
81523.0,SK,ADVENT LUTHERAN CHURCH,212-665-2504,2504 BROADWAY,NY,10025,"SAT (2,4)",12-1PM,"2504 BROADWAY, NY, 10025",-73.94663172924709,40.680620250000004
81727.0,FP,AFRICAN SERVICES COMMITTEE,212-222-3882 (10,4) 29 WEST 127TH STREET,NY,10027,MON-FRI,10AM-4PM,"4) 29 WEST 127TH STREET, NY, 10027",-73.9280045,40.6552933
80667.0,FP,ANOTHER CHOICE YOUTH AND FAMILY OUTREACH INC,212-369-6643,1765 MADISON AVE,NY,10029,"FRI/SAT (2,4)",10-11AM/10AM-12PM,"1765 MADISON AVE, NY, 10029",-73.90932338614505,40.678438
85156.0,FP,ANTIOCH OUTREACH MINISTRIES,212-534-5715,41 WEST 124TH STREET,NY,10027,SAT,7:30-11AM,"41 WEST 124TH STREET, NY, 10027",-73.87438189189189,40.68377497297298
85701.0,FP,ARTISTS ATHLETES ACTIVISTS INCORPORATED,347-229-8399,110 COLUMBIA STREET,NY,10002,THUR,12:30-3PM,"110 COLUMBIA STREET, NY, 10002",-73.93750136190647,40.6195535
80520.0,FP,"ASCENSION OUTREACH, INC",(212) 254-8620,12 WEST 11TH STREET,NY,10011,"SAT(1ST,3RD)",8:30-9AM,"12 WEST 11TH STREET, NY, 10011",,
81353.0,FP,BETH HARK CHRISTIAN COUNSELING CENTER,(212) 860-1523,1832 MADISON AVE @120 ST,NY,10035,TUE/THUR,12-2PM/11AM - 1PM,"1832 MADISON AVE @120 ST, NY, 10035",-73.92490986409821,40.65229465
84088.0,SK,BETH HARK CHRISTIAN COUNSELING CENTER,(212) 860-1523,1832 MADISON AVENUE,NY,10035,"WED,THUR",12-2PM,"1832 MADISON AVENUE, NY, 10035",-73.96417835001398,40.633753049999996
82212.0,FP,BETHEL AME CHURCH,(212) 862-0100,54-60 WEST 132ND STREET,NY,10037,THUR,9:30-11:30AM,"54-60 WEST 132ND STREET, NY, 10037",-73.925766,40.6822205
82861.0,FP,BROADWAY COMMUNITY,212-864-6100,601 WEST 114TH STREET,NY,10025,"TUE,THUR",2-5PM,"601 WEST 114TH STREET, NY, 10025",-73.92227963026414,40.6600459
81251.0,SK,BROADWAY COMMUNITY,212-864-6100,601 WEST 114TH STREET,NY,10025,"M,TUE,W,F",10-11:30A&12:30-1:30P,"601 WEST 114TH STREET, NY, 10025",-73.9611443869833,40.65456055
84193.0,FP,CABRINI IMMIGRANT SERVICES OF NEW YORK CITY INC,(212) 791-4590,630 ISHAM STREET,NY,10034,SAT,7:30-9AM,"630 ISHAM STREET, NY, 10034",-73.98376897645906,40.6690698
81067.0,FP,CATHEDRAL COMMUNITY CARES,347-376-2848,1047 AMSTERDAM AVENUE,NY,10025,THUR,12-6PM,"1047 AMSTERDAM AVENUE, NY, 10025",-73.98512300698849,40.577223950000004
80801.0,SK,CATHEDRAL OF ST. JOHN THE DIVINE,212-316-7579,1047 AMSTERDAM AVENUE @ W. 112TH ST.,NY,10025,SUN,10AM-3PM,"1047 AMSTERDAM AVENUE @ W. 112TH ST., NY, 10025",-73.9096596270243,40.6945531
80841.0,FP,CATHOLIC CHARITIES WASHINGTON HEIGHTS FOOD PANTRY,212-862-6401,665 WEST 182ND STREET,NY,10033,THUR,10AM-12PM,"665 WEST 182ND STREET, NY, 10033",-73.96816824999999,40.693683050000004
83883.0,FP,CCCS - KENNEDY CENTER FOOD PANTRY,212-862-6401,34 WEST 134TH STREET,NY,10037,WED,10AM-1PM,"34 WEST 134TH STREET, NY, 10037",-74.00477238220319,40.65207345
81641.0,FP,CHAMBERS MEMORIAL BAPTIST CHURCH/LOVE OFFERING,347-600-9820,219 EAST 123RD STREET,NY,10035,WED,9-11AM,"219 EAST 123RD STREET, NY, 10035",-73.96344349282137,40.5766231
80518.0,SK,CHRIST CHURCH UNITED METHODIST,(212) 838-3036,524 PARK AVENUE @ 60TH ST.,NY,10065,SUN,4:30-6PM,"524 PARK AVENUE @ 60TH ST., NY, 10065",,
80519.0,FP,CHURCH OF THE ANNUNCIATION,(212) 234-1919,88 CONVENT AVE. NEAR 132ND ST.,NY,10027,TUE,2-5PM,"88 CONVENT AVE. NEAR 132ND ST., NY, 10027",,
85357.0,FPM,CITY HARVEST MOBILE MARKET - DYCKMAN HOUSES,646-412-0740,177 NAGLE AVENUE,NY,10034,"WED(2),SAT(4)",9:30-11:30AM,"177 NAGLE AVENUE, NY, 10034",-73.98841463554845,40.576042
85358.0,FPM,CITY HARVEST MOBILE MARKET - PRINCE HALL,646-412-0740,454 WEST 155TH STREET,NY,10032,"THU(2),SAT(4)",9:30-11:30AM,"454 WEST 155TH STREET, NY, 10032",-73.98841463554845,40.576042
81451.0,SKM,COALITION FOR THE HOMELESS,212-776-2002,108 EAST 51ST STREET,NY,10022,MON-SUN,5:30-10PM,"108 EAST 51ST STREET, NY, 10022",-73.93772061991493,40.62310665
80543.0,FP,COMMUNITY IMPACT,212-854-6310,616 WEST 114TH STREET,NY,10025,"MON,WED,THUR",11AM-2PM,"616 WEST 114TH STREET, NY, 10025",-73.9882724128866,40.6742827
81071.0,FP,COMMUNITY LEAGUE OF THE HEIGHTS,212-795-4779,508 WEST 159TH STREET,NY,10032,"WED,SAT",9AM-1PM,"508 WEST 159TH STREET, NY, 10032",-73.96169052457921,40.5818395
81249.0,SKK,CONGREGATION B'NAI JESHURUN,(212) 787-7600,257 WEST 88TH STREET,NY,10024,THUR,12-1PM,"257 WEST 88TH STREET, NY, 10024",-73.88672095631946,40.633077
80541.0,FP,CONVENT AVENUE BAPTIST CHURCH,646-698-5102,425 WEST 144TH STREET @ CONVENT AVE,NY,10031,"MON (1,3)",9AM-12PM,"425 WEST 144TH STREET @ CONVENT AVE, NY, 10031",-73.99660340521828,40.602380249999996
80739.0,FP,CROSSROADS COMMUNITY SERVICES INC,212-378-0229,108 EAST 51ST STREET,NY,10022,THUR,10AM-1PM,"108 EAST 51ST STREET, NY, 10022",-73.95583058335112,40.6544917
80740.0,SK,CROSSROADS COMMUNITY SERVICES INC,212-378-0229,108 EAST 51ST STREET,NY,10022,"M,W,SUN",7:30AM-8:45AM,"108 EAST 51ST STREET, NY, 10022",-73.9129337130988,40.66811265
80546.0,FP,DEWITT REFORMED CHURCH,(212) 674-3341,280 RIVINGTON STREET,NY,10002,"SAT(1,3)",10AM-12PM,"280 RIVINGTON STREET, NY, 10002",,
85473.0,FP,FAMILY INTEGRATION MINISTRY FOOD PANTRY,347-459-4445,1875 AMSTERDAM AVENUE,NY,10031,THUR,12-2PM,"1875 AMSTERDAM AVENUE, NY, 10031",-73.9612725,40.6816269
81612.0,FP,FATHER CREAVIN'S FOOD PANTRY,212-281-2100,276 WEST 151ST STREET,NY,10039,TUE,9-11AM,"276 WEST 151ST STREET, NY, 10039",,
84451.0,FP,FOOD BANK FOR NEW YORK CITY,212-566-7855,252 WEST 116TH STREET,NY,10026,"TUE,W/THUR/SAT (1)",9:30A-3:30P/12-6PM/11AM-2PM,"252 WEST 116TH STREET, NY, 10026",-73.92556300864504,40.671661900000004
80474.0,SK,FOOD BANK FOR NEW YORK CITY,212-665-8747,252 WEST 116TH STREET,NY,10026,MON-FRI,4-6PM,"252 WEST 116TH STREET, NY, 10026",-73.94663172924709,40.680620250000004
81589.0,SK,FRATERNITE NOTRE DAME,212-876-5855,2290 FIRST AVENUE,NY,10035,THUR,11AM-1PM,"2290 FIRST AVENUE, NY, 10035",-73.9280045,40.6552933
81980.0,FP,"FRATERNITE NOTRE DAME, INC",212-876-5855,2290 FIRST AVENUE,NY,10035,FRI,2-5PM,"2290 FIRST AVENUE, NY, 10035",-73.90932338614505,40.678438
85780.0,SK,FREE FOOD HARLEM,510-541-9430,37 WEST 119TH STREET,NY,10026,"WED,FRI",5:15-7PM,"37 WEST 119TH STREET, NY, 10026",-73.87438189189189,40.68377497297298
84245.0,FP,FRIENDLY HANDS MINISTRY INC,646-370-3978,115 EAST 125TH STREET,NY,10035,WED/THUR,10AM-12PM/10AM-12PM,"115 EAST 125TH STREET, NY, 10035",-73.93750136190647,40.6195535
81501.0,FPHA,GAY MEN'S HEALTH CRISIS,212-367-1409,307 WEST 38TH STREET,NY,10018,WED,11:30AM-1:30PM,"307 WEST 38TH STREET, NY, 10018",,
82798.0,SK,GRAND CENTRAL NEIGHBORHOOD SOCIAL SERVICE CORP.,(212) 883-0680,120 EAST 32ND STREET,NY,10016,MON-SUN,6:30-7:30A/12-1:30P/4-6P,"120 EAST 32ND STREET, NY, 10016",-73.92490986409821,40.65229465
84328.0,FP,GRAND CENTRAL NEIGHBORHOOD SOCIAL SERVICES CORPORATION,212-883-0680,120 EAST 32ND STREET,NY,10016,WED(2),2-3:30PM,"120 EAST 32ND STREET, NY, 10016",-73.96417835001398,40.633753049999996
84157.0,FP,HARLEM DOWLING WEST SIDE CENTER/SPECIALIZED SERVICES,212-749-3656,2139 ADAM CLAYTON POWELL JR. BLVD @ 127TH STREET,NY,10027,FRI,12-2PM,"2139 ADAM CLAYTON POWELL JR. BLVD @ 127TH STREET, NY, 10027",-73.925766,40.6822205
80604.0,SK,HOLY APOSTLES SOUP KITCHEN,(212) 924-0167,296 NINTH AVENUE @ 28TH ST.,NY,10001,MON-FRI,10:30AM-12:30PM,"296 NINTH AVENUE @ 28TH ST., NY, 10001",-73.92227963026414,40.6600459
85547.0,FP,HOLY APOSTLES SOUP KITCHEN PANTRY,646-998-6105,296 NINTH AVENUE,NY,10001,"TUE,WED,THUR",1:30-3PM,"296 NINTH AVENUE, NY, 10001",-73.9611443869833,40.65456055
80850.0,FP,HOLY NAME OF JESUS - ST. GREGORY THE GREAT,212-749-0276,202 AMSTERDAM AVENUE - CORNER OF 97TH STREET,NY,10025,MON,9AM-2PM,"202 AMSTERDAM AVENUE - CORNER OF 97TH STREET, NY, 10025",-73.98376897645906,40.6690698
81608.0,FP,INTERNATIONAL PENTECOSTAL CHURCH,212-568-3531,619 WEST 179TH STREET,NY,10033,TUE/FRI,11:30AM-3:30PM/12-3PM,"619 WEST 179TH STREET, NY, 10033",-73.98512300698849,40.577223950000004
85088.0,FP,IRIS HOUSE,646-548-0100,2348 ADAM CLAYTON POWELL JR. BLVD,NY,10030,THUR,10AM-3PM,"2348 ADAM CLAYTON POWELL JR. BLVD, NY, 10030",-73.9096596270243,40.6945531
81977.0,SK,IRIS HOUSE,646-548-0100,2348 ADAM CLAYTON POWELL JR. BLVD,NY,10030,TUE-FRI,12-1:30PM,"2348 ADAM CLAYTON POWELL JR. BLVD, NY, 10030",-73.96816824999999,40.693683050000004
87208.0,FP,ISAACS HOLMES FOOD PANTRY,212-360-7620,415 EAST 93RD STREET,NY,10128,WED,9:30-11AM,"415 EAST 93RD STREET, NY, 10128",-74.00477238220319,40.65207345
80618.0,FPK,JEWISH COMMUNITY COUNCIL OF WASHINGTON HGTS,(212) 568-5450,121 BENNETT AVENUE #11A,NY,10033,"WED(1,2,3)",10AM-1PM,"121 BENNETT AVENUE #11A, NY, 10033",-73.96344349282137,40.5766231
85450.0,FPK,LILLIAN WALD FOOD PANTRY,212-260-2731,12 AVENUE D,NY,10009,WED,10AM-2PM,"12 AVENUE D, NY, 10009",,
80627.0,FP,LITTLE SISTERS OF THE ASSUMPTION FAMILY HEALTH SERVICE,646-672-5200,333 EAST 115TH STREET,NY,10029,WED,9-11:30AM & 1-2:30PM,"333 EAST 115TH STREET, NY, 10029",,
83923.0,FP,MACEDONIA CH. ASSEMBLY OF GOD-BREAD OF LIFE FOOD PANTRY,(212) 410-3412,340 EAST 106TH STREET,NY,10029,FRI,9-10:30AM,"340 EAST 106TH STREET, NY, 10029",-73.98841463554845,40.576042
80649.0,FP,MCCNY CHARITIES,332-400-7488,446 WEST 36TH STREET,NY,10018,THUR,9-11AM,"446 WEST 36TH STREET, NY, 10018",-73.98841463554845,40.576042
83699.0,FP,MT. OLIVET BAPTIST CHURCH COMMUNITY MEAL PROGRAM,(212) 864-1155,201 LENOX AVE,NY,10027,"TUE,WED",10:30-11:30AM,"201 LENOX AVE, NY, 10027",-73.93772061991493,40.62310665
81119.0,FP,NATIONAL COUNCIL OF JEWISH WOMEN,212-687-5030,241 WEST 72ND STREET,NY,10023,MON,9:30AM-1:30PM,"241 WEST 72ND STREET, NY, 10023",-73.9882724128866,40.6742827
80730.0,SK,NATIONAL COUNCIL OF JEWISH WOMEN,212-687-5030,241 WEST 72ND STREET,NY,10023,WED/SUN,4:30-5:30PM/11:30AM-12:30PM,"241 WEST 72ND STREET, NY, 10023",-73.96169052457921,40.5818395
85310.0,FP,NAZARETH HOUSING INC,212-477-7017,206 EAST 4TH STREET,NY,10009,TUE,8:30-10AM,"206 EAST 4TH STREET, NY, 10009",-73.88672095631946,40.633077
81206.0,SK,NEW YORK CITY LOVE KITCHEN INC,(212) 942-4204,3816 9TH AVE,NY,10034,MON-FRI,2-4PM,"3816 9TH AVE, NY, 10034",-73.99660340521828,40.602380249999996
80861.0,FP,NEW YORK COMMON PANTRY,917-720-9700,8 EAST 109TH STREET,NY,10029,WED-SAT,10AM-2:30PM,"8 EAST 109TH STREET, NY, 10029",-73.95583058335112,40.6544917
80862.0,SK,NEW YORK COMMON PANTRY,917-720-9700,8 EAST 109TH STREET,NY,10029,MON-FRI,2:30-3:30PM,"8 EAST 109TH STREET, NY, 10029",-73.9129337130988,40.66811265
80683.0,FP,OUR LADY OF SORROWS,(212) 673-0900,213 STANTON STREET,NY,10002,"TUE,THUR",8-11AM,"213 STANTON STREET, NY, 10002",,
80699.0,FP,PROJECT CREATE - ANTHONY HOUSE,212-663-1596,73 LENOX AVE,NY,10026,WED,10AM-12PM,"73 LENOX AVE, NY, 10026",-73.9612725,40.6816269
81169.0,FP,RAUSCHENBUSCH METRO MINISTRIES INC.,(212) 594-4464,410 WEST 40TH STREET,NY,10018,"SAT(1,2,3,4)",11-11:30AM,"410 WEST 40TH STREET, NY, 10018",,
80712.0,FP,RIVERSIDE CHURCH FOOD PANTRY,212-870-6733,91 CLAREMONT AVE @ 120TH STREET,NY,10027,TUE-FRI,9AM-1PM,"91 CLAREMONT AVE @ 120TH STREET, NY, 10027",-73.92556300864504,40.671661900000004
85602.0,FP,ROOSEVELT ISLAND DISABLE ASSOCIATION (RIDA),NONE PROVIDE,548A MAIN STREET (ROOSEVELT ISLAND),NY,10044,FRI,4-6PM,"548A MAIN STREET (ROOSEVELT ISLAND), NY, 10044",-73.94663172924709,40.680620250000004
85740.0,FP,SAGE CENTER HARLEM (LOVE WINS FOOD PANTRY),646-660-8951,220 WEST 143RD STREET,NY,10030,WED (2ND),3-5PM,"220 WEST 143RD STREET, NY, 10030",-73.9280045,40.6552933
81120.0,SK,SOUP KITCHEN/COMMUNITY LUNCH,212-854-6310,601 WEST 114TH STREET (BASEMENT OF BROADWAY PRE,NBY,E1R0I0A2N5,FHRUIRCH),12:30-2PM,"601 WEST 114TH STREET (BASEMENT OF BROADWAY PRE, NBY, E1R0I0A2N5",-73.90932338614505,40.678438
83311.0,SK,SOUTHERN BAPTIST CHURCH,(212) 663-6549,12 WEST 108TH STREET,NY,10025,WED,12-1:30PM,"12 WEST 108TH STREET, NY, 10025",-73.87438189189189,40.68377497297298
80744.0,FP,ST. CECILIA'S PARISH SERVICES,(212) 348-0488,125 EAST 105TH STREET,NY,10029,WED,9AM-12PM,"125 EAST 105TH STREET, NY, 10029",-73.93750136190647,40.6195535
80745.0,FP,ST. CHARLES BORROMEO CHURCH,(212) 281-2100,211 WEST 141ST STREET,NY,10030,SAT,9-11:30AM,"211 WEST 141ST STREET, NY, 10030",,
81507.0,FP,ST. CLEMENTS FOOD PANTRY,(212) 246-7277,423 WEST 46TH STREET  9TH/10AVE,NY,10036,FRI/SAT,2-6PM/8-11:30AM,"423 WEST 46TH STREET  9TH/10AVE, NY, 10036",-73.92490986409821,40.65229465
80752.0,SK,ST. IGNATIUS EPISCOPAL CHURCH,(212) 580-3326,552 WEST END AVE,NY,10024,MON/SAT,6:45-7:15PM/3:45-4:15PM,"552 WEST END AVE, NY, 10024",-73.96417835001398,40.633753049999996
80757.0,FP,ST. JOHN'S BREAD OF LIFE,(212) 564-9070,213 WEST 30TH STREET,NY,10001,"WED (2,4)",11AM-1PM,"213 WEST 30TH STREET, NY, 10001",-73.925766,40.6822205
80764.0,FP,ST. MARK THE EVANGELIST CHURCH,(212) 281-4931,65 WEST 138TH STREET,NY,10037,"SAT(1,2,3,4)",10AM-12PM,"65 WEST 138TH STREET, NY, 10037",-73.92227963026414,40.6600459
85116.0,SK,ST. MICHAEL'S CHURCH,212-222-2700,225 WEST 99TH STREET,NY,10025,SAT,10-11:30AM,"225 WEST 99TH STREET, NY, 10025",-73.9611443869833,40.65456055
80781.0,FP,ST. PAUL'S HOUSE INC.,(212) 265-5433,335 WEST 51ST STREET,NY,10019,TUE,9:30-10:30AM,"335 WEST 51ST STREET, NY, 10019",-73.98376897645906,40.6690698
80782.0,SK,ST. PAUL'S HOUSE INC.,(212) 265-5433,335 WEST 51ST STREET,NY,10019,"MON,WED,FRI",8-:8:30AM,"335 WEST 51ST STREET, NY, 10019",-73.98512300698849,40.577223950000004
80577.0,FP,ST. PETER'S FOOD PANTRY,(212) 929-2390,346 WEST 20TH ST. NR. 9TH AVE,NY,10011,SAT,10:30-11:30AM,"346 WEST 20TH ST. NR. 9TH AVE, NY, 10011",-73.9096596270243,40.6945531
80800.0,SK,TEMPLE SHAARAY TEFILA,(212) 535-8008,250 EAST 79TH STREET,NY,10075,WED,11:15AM-12:15PM,"250 EAST 79TH STREET, NY, 10075",-73.96816824999999,40.693683050000004
87046.0,FP,THE CRW COMMUNITY FOOD PANTRY,646-395-4414,25-29 AVENUE D,NY,10009,"TUE, WED",4-5:45PM,"25-29 AVENUE D, NY, 10009",-74.00477238220319,40.65207345
82997.0,FP,THE DOOR'S FOOD & NUTRITION PROGRAM,212-941-9090,555 BROOME STREET,NY,10013,MON-FRI,4:30-5:30PM,"555 BROOME STREET, NY, 10013",-73.96344349282137,40.5766231
84309.0,SK,THE DOOR'S FOOD & NUTRITION PROGRAM,212-941-9090,555 BROOME STREET,NY,10013,MON-FRI,4:30-5:30PM,"555 BROOME STREET, NY, 10013",,
81917.0,FP,THE RED DOOR PLACE,212-243-5470,201 WEST 13TH STREET,NY,10011,TUE,2-4:50PM,"201 WEST 13TH STREET, NY, 10011",,
85261.0,SK,THE RED DOOR PLACE,212-243-5470,201 WEST 13TH STREET,NY,10011,SAT,12-2PM,"201 WEST 13TH STREET, NY, 10011",-73.98841463554845,40.576042
80721.0,FP,THE SALVATION ARMY MANHATTAN CITADEL,(212) 860-3200,175 EAST 125TH STREET,NY,10035,MON-FRI,9AM-3PM,"175 EAST 125TH STREET, NY, 10035",-73.98841463554845,40.576042
81297.0,SK,THE SALVATION ARMY NEW YORK TEMPLE,212-337-7469,120 WEST 14TH STREET,NY,10011,MON-THU,12-1PM,"120 WEST 14TH STREET, NY, 10011",-73.93772061991493,40.62310665
80720.0,FP,THE SALVATION ARMY NEW YORK TEMPLE CORPS,212-337-7467,120 WEST 14TH STREET,NY,10011,MON-FRI,9:30-11:30AM,"120 WEST 14TH STREET, NY, 10011",-73.9882724128866,40.6742827
84540.0,FP,THE URBAN OUTREACH CENTER OF NYC,(212) 288-6743,1745 1ST AVENUE,NY,10128,TUE,5:30-6:30PM,"1745 1ST AVENUE, NY, 10128",-73.96169052457921,40.5818395
81622.0,SK,THE URBAN OUTREACH CENTER OF NYC,212-288-6743,1745 1ST AVENUE,NY,10128,"WED, FRI",9AM - 1PM,"1745 1ST AVENUE, NY, 10128",-73.88672095631946,40.633077
80813.0,FP,"TRINITY'S SERVICES AND FOOD FOR THE HOMELESS, INC.",(212) 228-5254,602 EAST 9TH STREET,NY,10009,MON-THUR,12:30-1:30PM,"602 EAST 9TH STREET, NY, 10009",-73.99660340521828,40.602380249999996
80814.0,SK,"TRINITY'S SERVICES AND FOOD FOR THE HOMELESS, INC.",(212) 228-5254,602 EAST 9TH STREET,NY,10009,MON-FRI,11AM-12PM,"602 EAST 9TH STREET, NY, 10009",-73.95583058335112,40.6544917
85666.0,FP,UA3 COMMUNITY FIRST FOOD PANTRY,NONE PROVIDE,384 GRAND STREET,NY,10002,"MON,THUR",10AM - 2PM,"384 GRAND STREET, NY, 10002",-73.9129337130988,40.66811265
80832.0,SK,"UNIVERSITY COMMUNITY SOCIAL SERVICES, INC",347-850-2230,137 EAST 2ND STREET,NY,10009,SAT,9-10AM&1-2:30PM,"137 EAST 2ND STREET, NY, 10009",,
81309.0,FP,UPPER MANHATTAN MENTAL HEALTH CENTER,(212) 694-9200,1727 AMSTERDAM AVE @ 145TH,NY,10031,"TUE,WED,THUR",11AM-2PM,"1727 AMSTERDAM AVE @ 145TH, NY, 10031",-73.9612725,40.6816269
85481.0,FP,VISION URBANA,646-626-9748,66 ESSEX STREET,NY,10002,MON,9-11AM,"66 ESSEX STREET, NY, 10002",,
81073.0,FP,WE ARE NOT AFRAID COMMUNITY RESOURCE CENTER,646-554-3076,203 WEST 146TH STREET,NY,10039,THUR,4-6PM,"203 WEST 146TH STREET, NY, 10039",-73.92556300864504,40.671661900000004
85319.0,FP,"WEST HARLEM GROUP ASSISTANCE, INC",212-832-1399,625 LENOX AVE,NY,10030,MON-THUR,10AM-2PM,"625 LENOX AVE, NY, 10030",-73.94663172924709,40.680620250000004
80846.0,FP,WESTSIDE CAMPAIGN AGAINST HUNGER,(212) 362-3662,263 W. 86th St.@ WEST END AVE.,NY,10024,TUE-FRI,9AM-1PM,"263 W. 86th St.@ WEST END AVE., NY, 10024",-73.9280045,40.6552933
84349.0,FP,"WORLDWIDE MISSIONARY MOVEMENT/CENTRO EVANGELISTICO MMM, INC",212-567-5620,148 POST AVENUE,NY,10034,SAT,10AM-1PM,"148 POST AVENUE, NY, 10034",-73.90932338614505,40.678438
80750.0,SK,XAVIER MISSION INC,(212) 627-2100,55 WEST 15TH STREET,NY,10011,SUN,12:45-3PM,"55 WEST 15TH STREET, NY, 10011",-73.87438189189189,40.68377497297298
85596.0,FP,ZEINA LORRAINE INC,646-355-3880,203 WEST 133RD STREET,NY,10030,"TUE,THUR",11AM-2PM,"203 WEST 133RD STREET, NY, 10030",-73.93750136190647,40.6195535
85706.0,FP,MANHATTAN DOWNTOWN MULTI-CULTURAL FOOD PANTRY,347-248-9726,160 ALLEN STREET - SUITE #20,NY,10002,THUR (1st),8:30-10:30AM,"160 ALLEN STREET - SUITE #20, NY, 10002",,
83629.0,FP,AGAPE CHRISTIAN CENTER,718-635-0674,59-02 SUMMERFIELD ST. RIDGEWOOD,QN,11385,SAT,10-11:30AM,"59-02 SUMMERFIELD ST. RIDGEWOOD, QN, 11385",-73.92490986409821,40.65229465
84884.0,FPHA,AIDS CENTER OF QUEENS COUNTY,718-472-9400,62-07 WOODSIDE AVENUE - LOBBY,QN,11377,TUE,10AM-12PM,"62-07 WOODSIDE AVENUE - LOBBY, QN, 11377",-73.96417835001398,40.633753049999996
80929.0,FPHA,AIDS CENTER OF QUEENS COUNTY,(718) 896-2500,161-21 JAMAICA AVE - 6TH FLOOR,QN,11432,THUR,8:30-9:30AM,"161-21 JAMAICA AVE - 6TH FLOOR, QN, 11432",-73.925766,40.6822205
81733.0,FPHA,AIDS CENTER OF QUEENS COUNTY (ACQC),(718) 868-8645,1600 CENTRAL AVENUE - 3RD FLOOR (FAR ROCKAWAY),QN,11691,FRI,9:30-10:30AM,"1600 CENTRAL AVENUE - 3RD FLOOR (FAR ROCKAWAY), QN, 11691",-73.92227963026414,40.6600459
85698.0,FP,ALL MY CHILDREN,718-825-2566,175-44 MAYFIELD ROAD,QN,11432,TUE,11AM-1PM,"175-44 MAYFIELD ROAD, QN, 11432",-73.9611443869833,40.65456055
80866.0,FP,ALLEN OUTREACH MINISTRY FEEDING PROGRAM,(718) 526-3510,110-31 MERRICK BLVD,QN,11433,MON/THUR,3-5PM/11AM-2PM,"110-31 MERRICK BLVD, QN, 11433",-73.98376897645906,40.6690698
82033.0,FP,BERACA SEVENTH DAY ADVENTIST CHURCH,(718) 740-1916,91-19 191 STREET,QN,11423,WED,9:30AM-12PM,"91-19 191 STREET, QN, 11423",-73.98512300698849,40.577223950000004
83294.0,FP,BETHANY BAPTIST CHURCH OF JAMAICA,(718) 659-6099,157-11 111TH AVE,QN,11433,"TUE,WED",11AM-2PM,"157-11 111TH AVE, QN, 11433",-73.9096596270243,40.6945531
83697.0,FP,BETHANY PANTRY,917-533-1679,48-08 91ST PLACE (ELMHURST),QN,11373,SAT,9-10AM,"48-08 91ST PLACE (ELMHURST), QN, 11373",-73.96816824999999,40.693683050000004
81243.0,FP,BETHEL GOSPEL TABERNACLE CHURCH,718-291-2676,110-25 GUY R. BREWER BLVD.,QN,11433,WED,9:30-11AM,"110-25 GUY R. BREWER BLVD., QN, 11433",-74.00477238220319,40.65207345
81148.0,SK,BETHEL GOSPEL TABERNACLE CHURCH,718-291-2676,110-25 GUY R. BREWER BLVD.,QN,11433,"TUE,FRI",12-2PM,"110-25 GUY R. BREWER BLVD., QN, 11433",-73.96344349282137,40.5766231
84140.0,FP,BLANCHE MEMORIAL CHURCH,(718) 658-2458,109-74 SUTPHIN BLVD,QN,11435,TUE,9-10AM,"109-74 SUTPHIN BLVD, QN, 11435",,
85769.0,FP,BRIGADA DE ESPERANZA INC,718-530-8638,89-07 ASTORIA BLVD,QN,11369,SAT,12-3PM,"89-07 ASTORIA BLVD, QN, 11369",,
84504.0,FP,BVM/ST. MARY'S CHURCH WINFIELD,718-672-4848,70-31 48TH AVE (WOODSIDE),QN,11377,THUR,9:30AM-12PM,"70-31 48TH AVE (WOODSIDE), QN, 11377",-73.98841463554845,40.576042
84936.0,FP,CALVARY'S MISSION,(718) 849-0311,102-16 89TH AVENUE (RICHMOND HILL),QN,11418,SAT,9-10AM,"102-16 89TH AVENUE (RICHMOND HILL), QN, 11418",-73.98841463554845,40.576042
87007.0,FP,CENTER OF HOPE INTERNATIONAL,(718) 784-4673,38-49 12TH STREET (L.I.C.),QN,11101,"TUE, THUR/WED",12-3PM/11AM-2PM,"38-49 12TH STREET (L.I.C.), QN, 11101",-73.93772061991493,40.62310665
85467.0,FPK,CHAZAQ,718-285-9132,141-47 72ND AVENUE (FLUSHING),QN,11367,TUE,2:30-5PM,"141-47 72ND AVENUE (FLUSHING), QN, 11367",-73.9882724128866,40.6742827
85157.0,FP,"CHRIST APOSTOLIC CHURCH OF AMERICA, INC",718-658-8981,108-02 SUTPHIN BLVD,QN,11435,SAT,9AM-1PM,"108-02 SUTPHIN BLVD, QN, 11435",-73.96169052457921,40.5818395
85332.0,FP,CHRIST CHURCH INTERNATIONAL JOSEPH'S HOUSE,718-276-2799,122-20 MERRILL STREET,QN,11434,"SAT (2,4)",10AM-12PM,"122-20 MERRILL STREET, QN, 11434",-73.88672095631946,40.633077
85350.0,FPM,CITY HARVEST - ASTORIA MOBILE MARKET,646-412-0725,7-1 ASTORIA BLVD,QN,11102,"THUR(3),SAT(1)",9:30-11:30AM,"7-1 ASTORIA BLVD, QN, 11102",-73.99660340521828,40.602380249999996
85354.0,FPM,CITY HARVEST MOBILE MARKET - QUEENSBRIDGE HOUSES,646-412-0740,10-25 41ST AVENUE,QN,11101,"TUE(2),SAT(4)",9:30-11:30AM,"10-25 41ST AVENUE, QN, 11101",-73.95583058335112,40.6544917
85313.0,FP,COMMUNITY ALLIANCE INITIATIVE,718-305-4888,60-85 MYRTLE AVENUE,QN,11385,FRI(1),10AM -12PM,"60-85 MYRTLE AVENUE, QN, 11385",-73.9129337130988,40.66811265
85726.0,FP,COMMUNITY CHURCH OF CHRIST FOOD PANTRY,718-523-2612,167-04 108TH AVENUE,QN,11433,WED,1-3PM,"167-04 108TH AVENUE, QN, 11433",,
80888.0,FP,CORONA SEVENTH DAY ADVENTIST CHURCH,(718) 429-7050,35-30 103RD STREET,QN,11368,SUN,12-2PM,"35-30 103RD STREET, QN, 11368",-73.9612725,40.6816269
80889.0,SK,CORONA SEVENTH DAY ADVENTIST CHURCH,718-651-4534,35-30 103RD STREET,QN,11368,MON,9-11AM,"35-30 103RD STREET, QN, 11368",,
80891.0,FP,CORPUS CHRISTI FOOD PANTRY,(718) 278-8114,31-30 61ST STREET,QN,11377,WED,10AM-12PM,"31-30 61ST STREET, QN, 11377",-73.92556300864504,40.671661900000004
83351.0,FP,DELIVERANCE TEMPLE CHURCH OF JESUS CHRIST,(718) 529-1993,134-10 ROCKAWAY BLVD SO. OZONE PARK,QN,11420,TUE,5:30-6:30PM,"134-10 ROCKAWAY BLVD SO. OZONE PARK, QN, 11420",-73.94663172924709,40.680620250000004
85444.0,FP,DIVINE FOOD PANTRY,516-415-1192,215-31 99TH AVENUE (QUEEN VILLAGE),QN,11429,"FRI (1,3)",5-7:30PM,"215-31 99TH AVENUE (QUEEN VILLAGE), QN, 11429",-73.9280045,40.6552933
80893.0,FP,ELMCOR YOUTH & ADULT ACTIVITIES #2,(718) 651-0096,33-16 108TH STREET,QN,11368,WED,9AM-4PM,"33-16 108TH STREET, QN, 11368",-73.90932338614505,40.678438
83879.0,FP,ELOHIM COMMUNITY DEVELOPMENT & OUTREACH INC,917-916-3066,"87-47 111TH STREET, RICHMOND HILLS",QN,11418,FRI,7-9AM,"87-47 111TH STREET, RICHMOND HILLS, QN, 11418",-73.87438189189189,40.68377497297298
81741.0,FPK,ESTHER GRUNBLATT-CENTRAL QUEENS Y,718-704-8160,67-09 108TH STREET,QN,11375,"M,W/TU,TH/SUN",9A-2P&3:30-6:30P/9A-2P/10A-1:30P,"67-09 108TH STREET, QN, 11375",-73.93750136190647,40.6195535
85483.0,FP,EVANGEL FOOD PANTRY,718-361-5454,39-21 CRESCENT STREET (LIC),QN,11101,TUE-FRI/SAT,9AM-3PM/9-12PM,"39-21 CRESCENT STREET (LIC), QN, 11101",,
84315.0,FP,EVANGELICAL CHURCH CHRIST IS THE LIGHT,718-592-2701,89-16 48TH AVENUE (ELMHURST),QN,11373,FRI,9-11AM,"89-16 48TH AVENUE (ELMHURST), QN, 11373",-73.92490986409821,40.65229465
85745.0,FP,FAITH ASSEMBLY COMMUNITY OUTREACH,718-849-5277,120-13 101ST AVENUE (SOUTH RICHMOND HILL),QN,11419,SAT (4),10AM-12PM,"120-13 101ST AVENUE (SOUTH RICHMOND HILL), QN, 11419",-73.96417835001398,40.633753049999996
83623.0,SK,FIRST BAPTIST CHURCH,(718) 446-0200,100-10 ASTORIA BLVD (EAST ELMHURST),QN,11369,WED,12-1:45PM,"100-10 ASTORIA BLVD (EAST ELMHURST), QN, 11369",-73.925766,40.6822205
85321.0,FP,FIRST BAPTIST CHURCH OF CORONA,718-446-0200,100-10 ASTORIA BLVD (EAST ELMHURST),QN,11369,SAT,12-3PM,"100-10 ASTORIA BLVD (EAST ELMHURST), QN, 11369",-73.92227963026414,40.6600459
81110.0,FP,"FIRST CHURCH OF GOD IN CHRIST, INC.",(718) 712-4831,187-10 BAISLEY BLVD,QN,11412,WED,12-3PM,"187-10 BAISLEY BLVD, QN, 11412",-73.9611443869833,40.65456055
81453.0,FP,FIRST PRESBYTERIAN CHURCH OF JAMAICA,(718) 526-4775,89-60 164TH STREET,QN,11432,"TUE(1,2,3,4)/SAT(4)",10AM-12PM/9-11AM,"89-60 164TH STREET, QN, 11432",-73.98376897645906,40.6690698
81450.0,SK,FIRST PRESBYTERIAN CHURCH OF JAMAICA,(718) 526-4775,89-60 164TH STREET,QN,11432,WED,5:30-6:30PM,"89-60 164TH STREET, QN, 11432",-73.98512300698849,40.577223950000004
84182.0,FP,FIRST PRESBYTERIAN RUSSELL SAGE MEMORIAL CHURCH OF FAR ROCKA,(A7Y18) 327-2440,896 CENTRAL AVENUE (FAR ROCKAWAY),QN,11691,SAT,9-10:30AM,"896 CENTRAL AVENUE (FAR ROCKAWAY), QN, 11691",-73.9096596270243,40.6945531
80904.0,FP,FIRST UNITED METHODIST CHURCH OF JAMAICA,(718) 739-2269,162-10 HIGHLAND AVENUE,QN,11432,MON/ THUR,8:30-9:30AM/ 6-7PM,"162-10 HIGHLAND AVENUE, QN, 11432",-73.96816824999999,40.693683050000004
85581.0,FP,FOOD SHARING WITH OUR NEIGHBORS PROGRAMS,718-939-8599,3824 149TH STREET (FLUSHING),QN,11354,THUR,10AM-12PM,"3824 149TH STREET (FLUSHING), QN, 11354",-74.00477238220319,40.65207345
87233.0,FP,FOREST HILLS SENIORS CENTER,929-349-9740,108-25 62ND DRIVE,QN,11375,THUR,8:30-10:30AM,"108-25 62ND DRIVE, QN, 11375",,
85607.0,FP,GOD BLESS YOU ALL INC (QUEENS),347-349-2720,9531 JAMAICA AVENUE - 1ST FL (WOODHAVEN),QN,11421,"MON,WED",11AM-3PM,"9531 JAMAICA AVENUE - 1ST FL (WOODHAVEN), QN, 11421",-73.98841463554845,40.576042
84471.0,FP,GOSPEL ASSEMBLY - QUEENS,718-454-0192,109-14 FARMERS BLVD,QN,11412,WED-SAT,10AM -12PM,"109-14 FARMERS BLVD, QN, 11412",-73.98841463554845,40.576042
80917.0,FP,HOLLIS AVENUE CONGREGATIONAL CHURCH,(718) 468-1498,"211-04 HOLLIS AVE., QUEENS VILLAGE",QN,11429,TUE,8-11AM,"211-04 HOLLIS AVE., QUEENS VILLAGE, QN, 11429",-73.93772061991493,40.62310665
85384.0,FP,HOLLIS COMMUNITY CHRISTIAN CENTER,347-626-7996,191-22 JAMAICA AVENUE,QN,11423,SAT,10AM-12PM,"191-22 JAMAICA AVENUE, QN, 11423",-73.9882724128866,40.6742827
80920.0,FP,HOLY CHILD JESUS FOOD PANTRY,718-847-1860,112-06 86TH AVENUE (RICHMOND HILL),QN,11418,"MON, THUR",10AM-12PM,"112-06 86TH AVENUE (RICHMOND HILL), QN, 11418",-73.96169052457921,40.5818395
82077.0,FP,"HOLY TEMPLE CHURCH, INC",718-276-2900,136-25 SPRINGFIELD BLVD,QN,11413,SAT,11AM-12PM,"136-25 SPRINGFIELD BLVD, QN, 11413",-73.88672095631946,40.633077
85129.0,FP,HOPE RESTORATION MINISTRIES,718-217-4799,101-01 SPRINGFIELD BLVD (QUEENS VILLAGE),QN,11429,SAT (LAST),2-4PM,"101-01 SPRINGFIELD BLVD (QUEENS VILLAGE), QN, 11429",-73.99660340521828,40.602380249999996
84960.0,FP,HOUR CHILDREN COMMUNITY OUTREACH,718-482-8226,36-49 11TH STREET (LIC),QN,11106,"MON,THUR/TUE",2-4PM/10:30AM-12:30PM,"36-49 11TH STREET (LIC), QN, 11106",-73.95583058335112,40.6544917
85457.0,FPH,ICNA FLUSHING FOOD PANTRY,929-329-7986,140-32 CHERRY AVENUE,QN,11355,WED,12-2PM,"140-32 CHERRY AVENUE, QN, 11355",-73.9129337130988,40.66811265
85167.0,FPH,ICNA RELIEF USA,718-658-7028,8791 144TH STREET,QN,11435,THUR,11AM-1PM,"8791 144TH STREET, QN, 11435",,
84174.0,FP,IGLESIA ALIANZA MISIONERA EBENEZER,(718) 729-1944,43-02 38TH STREET (L.I.C.),QN,11101,SAT,8AM-1PM,"43-02 38TH STREET (L.I.C.), QN, 11101",-73.9612725,40.6816269
85604.0,FP,IGLESIA CRISTIANA EVANGELICA,347-938-9368,3435 96TH STREET (CORONA),QN,11368,SAT,11AM-12PM,"3435 96TH STREET (CORONA), QN, 11368",,
84762.0,FP,"IN THE BEGINNING OUTREACH, INC",516-303-5202,189-13 LIBERTY AVENUE (ST. ALBANS),QN,11412,WED,12:30-2PM,"189-13 LIBERTY AVENUE (ST. ALBANS), QN, 11412",-73.92556300864504,40.671661900000004
82743.0,FP,J.U.S.T.I.C.E. ORGANIZATION/JESUS IS JUSTICE MISSION INC.,718-772-7951,223 BEACH 28TH STREET (FAR ROCKAWAY),QN,11691,WED,12-2PM,"223 BEACH 28TH STREET (FAR ROCKAWAY), QN, 11691",-73.94663172924709,40.680620250000004
85122.0,FP,JAMAICA HISPANIC SEVENTH DAY ADVENTIST CHURCH,718-736-5291,88-28 161 STREET,QN,11432,SUN,8-9AM,"88-28 161 STREET, QN, 11432",-73.9280045,40.6552933
85264.0,FP,JAMAICA QUEENS WESLEYAN CHURCH PANTRY,718-712-0335,134-49 228TH STREET (LAURELTON),QN,11413,SAT,12-1:30PM,"134-49 228TH STREET (LAURELTON), QN, 11413",-73.90932338614505,40.678438
83296.0,FP,JAMAICA SEVENTH DAY ADVENTIST CHURCH,(718) 658-9784,88-28 163 STREET,QN,11432,SUN,9:30-11:30AM,"88-28 163 STREET, QN, 11432",-73.87438189189189,40.68377497297298
85323.0,FP,JESUS IS THE ANSWER - J.I.T.A. COMMUNITY OUTREACH,718-908-6303,205-11 JAMAICA AVENUE,QN,11423,SAT,1-3PM,"205-11 JAMAICA AVENUE, QN, 11423",-73.93750136190647,40.6195535
80903.0,FPK,JEWISH COMMUNITY COUNCIL OF THE ROCKAWAY PENINSULA,(718) 327-6060,1525 CENTRAL AVE,QN,11691,"TUE,THUR",9:30AM - 1:30PM,"1525 CENTRAL AVE, QN, 11691",,
84205.0,FPK,KEHILAT SEPHARDIM OF AHAVAT ACHIM,718-591-9574,150-62 78TH ROAD (FLUSHING),QN,11367,"MON,WED/TUE,THUR",11AM-1PM/10AM-1PM,"150-62 78TH ROAD (FLUSHING), QN, 11367",-73.92490986409821,40.65229465
83412.0,FP,LEBANON SEVENTH DAY ADVENTIST CHURCH,718-525-4630,131-72 223RD STREET,QN,11413,THUR,5-7PM,"131-72 223RD STREET, QN, 11413",-73.96417835001398,40.633753049999996
82104.0,FP,LEVITICUS CHURCH,(718) 322-1095,114-12 VAN WYCK EXPRESSWAY,QN,11420,WED/SAT,1-2PM/12-1PM,"114-12 VAN WYCK EXPRESSWAY, QN, 11420",-73.925766,40.6822205
83999.0,FP,LINDEN SEVENTH DAY ADVENTIST CHURCH COMMUNITY SERVICES,718-527-4072,228-20 137TH AVENUE,QN,11413,SUN,10AM-12PM,"228-20 137TH AVENUE, QN, 11413",-73.92227963026414,40.6600459
85735.0,FP,LOVE WINS FOOD PANTRY - MERCADITO SOLIDARIO,347-735-6989,3763 83RD STREET - SUITE #1B (JACKSON HEIGHTS),QN,11372,FRI (4TH),1-5PM,"3763 83RD STREET - SUITE #1B (JACKSON HEIGHTS), QN, 11372",-73.9611443869833,40.65456055
82075.0,FP,MACEDONIA AME CHURCH,(718) 353-5870,106-16 GUY R. BREWER BLVD,QN,11433,MON/TUE,7AM-3PM/7AM-1PM,"106-16 GUY R. BREWER BLVD, QN, 11433",-73.98376897645906,40.6690698
83457.0,SK,MACEDONIA AME CHURCH,(718) 353-5870,106-16 GUY R. BREWER BLVD,QN,11433,TUE,10AM-12PM,"106-16 GUY R. BREWER BLVD, QN, 11433",-73.98512300698849,40.577223950000004
85551.0,FP,MAJORITY COMMUNITY OUTREACH,718-528-6690,115-21 FARMERS BLVD,QN,11412,THUR,9-11AM,"115-21 FARMERS BLVD, QN, 11412",-73.9096596270243,40.6945531
85425.0,FP,MAKE THE ROAD NEW YORK,718-565-8500,92-10 ROOSEVELT AVENUE,QN,11372,WED,8-10AM,"92-10 ROOSEVELT AVENUE, QN, 11372",-73.96816824999999,40.693683050000004
81648.0,FP,MARANATHA FRENCH SEVENTH DAY ADVENTIST CHURCH,718-297-8797,173-04 LINDEN BLVD,QN,11434,SUN,10AM-1PM,"173-04 LINDEN BLVD, QN, 11434",,
85214.0,FPK,MASBIA OF QUEENS,718-534-7321,105-47 64TH ROAD,QN,11375,M-THUR/FR/SUN,11A-7P/10A-2P/3-7P,"105-47 64TH ROAD, QN, 11375",-73.98841463554845,40.576042
85190.0,SKK,MASBIA OF QUEENS,718-534-7321,105-47 64TH ROAD,QN,11375,SUN - THUR,3-7PM,"105-47 64TH ROAD, QN, 11375",-73.98841463554845,40.576042
85759.0,FPH,MASJID OMAR ABDEL AZIZ,718-541-8485,8829 161ST STREET,QN,11432,WED (3RD),3-5PM,"8829 161ST STREET, QN, 11432",-73.93772061991493,40.62310665
85784.0,FP,MINISTERIO LA LUZ DE LA ESPERANZA PARA LAS NACIONES DE JESUCRIST,631-336-0572,79-01 BROADWAY  (ELMHURST),QN,11373,THUR,5-7PM,"79-01 BROADWAY  (ELMHURST), QN, 11373",-73.9882724128866,40.6742827
85255.0,FP,MINISTRY TOOLS INC,718-529-0005,170-20 140TH AVE,QN,11434,FRI,4-6PM,"170-20 140TH AVE, QN, 11434",-73.96169052457921,40.5818395
85288.0,FP,MORE THAN CONQUERORS GLOBAL MINISTRIES INC,718-528-3334,153-56 ROCKAWAY BLVD,QN,11434,SAT,2-4PM,"153-56 ROCKAWAY BLVD, QN, 11434",-73.88672095631946,40.633077
85538.0,FP,MORIAH CITY COMMUNITY FOOD PANTRY,718-276-1908,206-14 LINDEN BLVD (CAMBRIA HEIGHTS),QN,11411,WED,3-5PM,"206-14 LINDEN BLVD (CAMBRIA HEIGHTS), QN, 11411",-73.99660340521828,40.602380249999996
83270.0,FP,MORRIS BROWN HELPING HAND FOOD PROGRAM,(718) 322-7596,145-03 ROCKAWAY BLVD (SO. OZONE PARK),QN,11436,WED,10AM-12PM,"145-03 ROCKAWAY BLVD (SO. OZONE PARK), QN, 11436",-73.95583058335112,40.6544917
85733.0,FP,MOUNT MORIAH SEVENTH DAY ADVENTIST CHURCH FP,347-217-4988,1834 DECATUR STREET (RIDGEWOOD),QN,11385,"SAT (1,3)",8:30-9:30AM,"1834 DECATUR STREET (RIDGEWOOD), QN, 11385",-73.9129337130988,40.66811265
85221.0,FP,MOUNT SINAI SEVENTH DAY ADVENTIST CHURCH,718-465-1784,217-10 93RD AVENUE,QN,11428,WED,5-7PM,"217-10 93RD AVENUE, QN, 11428",,
80936.0,FP,MT. OLIVET GOSPEL CHURCH,(718) 478-0780,"33-27 97TH STREET, CORONA",QN,11368,WED,5:30-6:30PM,"33-27 97TH STREET, CORONA, QN, 11368",-73.9612725,40.6816269
85717.0,FPH,MUNA SOCIAL SERVICE BAITUN NOOR MASJID,212-920-6202,88-19 LIBERTY AVENUE (OZONE PARK),QN,11417,"FRI(2,4)",4-5PM,"88-19 LIBERTY AVENUE (OZONE PARK), QN, 11417",,
85712.0,FPH,MUNA SOCIAL SERVICE MASJID AR-RAYYAN,212-920-6202,196-43 FOOTHILL AVENUE (HOLLIS),QN,11423,"THUR(1,3)",5-6PM,"196-43 FOOTHILL AVENUE (HOLLIS), QN, 11423",-73.92556300864504,40.671661900000004
85710.0,FPH,MUNA SOCIAL SERVICE SOUTH JAMAICA,212-920-6202,164-38 108TH AVENUE,QN,11453,"TUE (1,3)",4-5PM,"164-38 108TH AVENUE, QN, 11453",-73.94663172924709,40.680620250000004
85782.0,FP,MUNA SOCIAL SERVICES - JACKSON HEIGHTS COMMUNITY FOOD BANK,212-920-6202,35-35 71ST STREET (JACKSON HEIGHTS),QN,11372,"THUR (1,3)",2:30-3:30PM,"35-35 71ST STREET (JACKSON HEIGHTS), QN, 11372",-73.9280045,40.6552933
84887.0,FP,NATIONAL SORORITY OF PHI DELTA KAPPA,718-723-1119,117-08 MERRICK BLVD,QN,11434,THUR,11AM-1PM,"117-08 MERRICK BLVD, QN, 11434",-73.90932338614505,40.678438
85774.0,FP,NEW  BEGINNINGS FOOD PANTRY,NONE PROVIDE,182-10 LIBERTY AVENUE,QN,11434,TUE (2ND),10-11:30AM,"182-10 LIBERTY AVENUE, QN, 11434",-73.87438189189189,40.68377497297298
81146.0,FP,NORTHEAST CONFERENCE COMMUNITY CENTER SDA,347-527-2444,99-13 NORTHERN BLVD,QN,11368,TUE(SR ONLY)/WED,11AM-1PM/3-6PM,"99-13 NORTHERN BLVD, QN, 11368",-73.93750136190647,40.6195535
81475.0,FP,ONE WAY CHURCH OF CHRIST,(718) 525-4260,216-11 MERRICK BLVD.,QN,11413,SAT,10AM-1PM,"216-11 MERRICK BLVD., QN, 11413",,
80942.0,FP,OUR LADY OF GRACE MINISTRY,718-845-6635,158-10 101ST ST.- HOWARD BEACH,QN,11414,TUE,10:30AM-12PM,"158-10 101ST ST.- HOWARD BEACH, QN, 11414",-73.92490986409821,40.65229465
85484.0,FP,POMONOK FOOD PANTRY,718-591-6060,67-09 KISSENA BLVD,QN,11367,"TUE,THUR",10AM-1PM,"67-09 KISSENA BLVD, QN, 11367",-73.96417835001398,40.633753049999996
81595.0,FPK,PROJECT L.E.A.D.,718-495-6210,85-12 126TH STREET (KEW GARDENS),QN,11415,SUN,7:30-9:30AM,"85-12 126TH STREET (KEW GARDENS), QN, 11415",-73.925766,40.6822205
85686.0,FP,QUEENS DEFENDERS NOT FOR PROFIT,347-727-7125,1922 MOTT AVENUE (FAR ROCKAWAY),QN,11691,WED,12-1PM,"1922 MOTT AVENUE (FAR ROCKAWAY), QN, 11691",-73.92227963026414,40.6600459
80957.0,FPK,QUEENS JEWISH COMMUNITY COUNCIL,718-544-9033,119-45 UNION TURNPIKE (FOREST HILLS),QN,11375,M-THUR,11AM-2PM,"119-45 UNION TURNPIKE (FOREST HILLS), QN, 11375",-73.9611443869833,40.65456055
82976.0,FP,QUEENSBORO TEMPLE SEVENTH DAY ADVENTIST CHURCH,718-776-8538,96-50 222ND STREET,QN,11429,WED,1-4PM,"96-50 222ND STREET, QN, 11429",-73.98376897645906,40.6690698
85707.0,FP,RCA CAMBRIA HEIGHTS COMMUNITY CHURCH FP,718-528-2138,116-12 220 STREET (CAMBRIA HEIGHTS),QN,11411,SAT (4TH),9-11AM,"116-12 220 STREET (CAMBRIA HEIGHTS), QN, 11411",-73.98512300698849,40.577223950000004
84258.0,FP,RIVER FUND,718-442-1125,89-11 LEFFERTS BLVD (RICHMOND HILL),QN,11418,"WED,SAT",9-11:30AM,"89-11 LEFFERTS BLVD (RICHMOND HILL), QN, 11418",-73.9096596270243,40.6945531
84105.0,FP,SAINT TERESA CHURCH - SAINT VINCENT DePAUL SOCIETY,(718) 784-2123,50-20 45TH STREET (WOODSIDE),QN,11377,TUE,4-5:30PM,"50-20 45TH STREET (WOODSIDE), QN, 11377",-73.96816824999999,40.693683050000004
80941.0,FPK,SAM FIELD Y,718-704-8160,58-25 LITTLE NECK PKWY (LITTLE NECK),QN,11362,"M,W,TH/TU/FRI",9A-2P/11A-2P/9A-12P,"58-25 LITTLE NECK PKWY (LITTLE NECK), QN, 11362",,
85306.0,FP,SECOND CHANCE AGAPE WORSHIP CENTER,917-416-3697,200-12 HOLLIS AVENUE,QN,11412,THUR,12-2PM,"200-12 HOLLIS AVENUE, QN, 11412",-73.98841463554845,40.576042
85556.0,FP,SINGH FAMILY CHARITY INC,718-480-6700,121-13 SUTPHIN BLVD,QN,11434,SAT,8-10AM,"121-13 SUTPHIN BLVD, QN, 11434",-73.98841463554845,40.576042
85383.0,FP,SOUTH ASIAN COUNCIL FOR SOCIAL SERVICES,718-321-7929,143-02 45TH AVENUE,QN,11355,"WED,THUR",9:30AM-1PM,"143-02 45TH AVENUE, QN, 11355",-73.93772061991493,40.62310665
81558.0,FP,SOUTH OZONE PARK SEVENTH DAY ADVENTIST CHURCH,718-322-9210,120-12 140TH STREET,QN,11436,WED,12-2PM,"120-12 140TH STREET, QN, 11436",-73.9882724128866,40.6742827
84142.0,FP,ST. ALBANS BAPTIST CHURCH,718-723-8005,196-20 119TH AVENUE (ST. ALBANS),QN,11412,"SAT (1,3)",10AM-12PM,"196-20 119TH AVENUE (ST. ALBANS), QN, 11412",-73.96169052457921,40.5818395
85085.0,FP,ST. MARK AME CHURCH/THE VOICE OF HAGAR,718-205-0506,95-18 NORTHERN BLVD,QN,11372,"TUE (1,2,3,4)",12-2:45PM,"95-18 NORTHERN BLVD, QN, 11372",-73.88672095631946,40.633077
80995.0,FP,ST. MARY STAR OF THE SEA,(718) 327-1133,19-20 NEW HAVEN AVENUE,QN,11691,"TUE,FRI(1,3,5)/(2,4)",1-3PM/1-3:30PM,"19-20 NEW HAVEN AVENUE, QN, 11691",-73.99660340521828,40.602380249999996
80997.0,FP,ST. NICHOLAS OF TOLENTINE CHURCH- F.P.,(718) 969-3226,150-75 GOETHALS AVENUE,QN,11432,THUR,9AM-12PM,"150-75 GOETHALS AVENUE, QN, 11432",-73.95583058335112,40.6544917
83628.0,FP,ST. RAPHAEL CHURCH FOOD PANTRY,(718) 729-8957,"35-20 GREENPOINT AVE, LIC",QN,11101,THUR/SAT,10:3A-12P/1:3-3P,"35-20 GREENPOINT AVE, LIC, QN, 11101",-73.9129337130988,40.66811265
81001.0,FP,ST. TERESA OF AVILA COMMUNITY SERVICES,718-529-3587,129-04 109TH AVENUE,QN,11420,"MON,THUR",9-10:30AM,"129-04 109TH AVENUE, QN, 11420",,
81780.0,FP,TABERNACLE OF PRAYER,(718) 657-4210,90-07 MERRICK BLVD,QN,11432,WED,10-11:30AM,"90-07 MERRICK BLVD, QN, 11432",-73.9612725,40.6816269
85022.0,FPV,TAURUS ASSOCIATES INC.,718-526-2177,240-08 135TH AVENUE,QN,11422,WED,3-5PM,"240-08 135TH AVENUE, QN, 11422",,
83567.0,FP,"THE HARDING FORD VISION, INC",347-661-7382,"157-22 TUSKEGEE AIRMEN WAY, JAMAICA",QN,11433,WED/SAT,10AM-12PM/2-4PM,"157-22 TUSKEGEE AIRMEN WAY, JAMAICA, QN, 11433",-73.92556300864504,40.671661900000004
85348.0,FP,THE LEGACY CENTER COMMUNITY DEVELOPMENT CORP,718-456-4852,71-02 CYPRESS HILL STREET (GLENDALE),QN,11385,THUR,9AM-1PM,"71-02 CYPRESS HILL STREET (GLENDALE), QN, 11385",-73.94663172924709,40.680620250000004
85601.0,FP,THE OZONE PARK PANTRY,646-851-0885,83-10 ROCKAWAY BLVD (OZONE PARK),QN,11416,SAT,10:30AM - 1PM,"83-10 ROCKAWAY BLVD (OZONE PARK), QN, 11416",-73.9280045,40.6552933
80971.0,FP,THE SALVATION ARMY ASTORIA CORPS,(718) 721-9046,45-18 BROADWAY,QN,11103,"TUE,THUR",10AM-2PM,"45-18 BROADWAY, QN, 11103",-73.90932338614505,40.678438
80972.0,FP,THE SALVATION ARMY JAMAICA CITADEL CORPS,(718) 297-4860,90-23 161ST STREET,QN,11432,"TUE,THUR",10AM-1PM,"90-23 161ST STREET, QN, 11432",-73.87438189189189,40.68377497297298
80973.0,SK,THE SALVATION ARMY JAMAICA CITADEL CORPS,(718) 297-4860,90-23 161ST STREET,QN,11432,MON-WED,12PM-1PM,"90-23 161ST STREET, QN, 11432",-73.93750136190647,40.6195535
80892.0,FP,THE SALVATION ARMY QUEENS TEMPLE CORP,(718) 335-3693,86-07 35TH AVENUE,QN,11372,MON-FRI,11:30AM-1PM,"86-07 35TH AVENUE, QN, 11372",,
83561.0,SK,THE SALVATION ARMY QUEENS TEMPLE CORP,(718) 335-3693,86-07 35TH AVENUE,QN,11372,THUR,10-11AM,"86-07 35TH AVENUE, QN, 11372",-73.92490986409821,40.65229465
85546.0,FP,UNION UNITED FOOD PANTRY,347-738-1096,126-22 150TH STREET,QN,11436,FRI(3),12-3PM,"126-22 150TH STREET, QN, 11436",-73.96417835001398,40.633753049999996
81151.0,FP,UNITED METHODIST CENTER IN FAR ROCKAWAY,(718) 327-5071,1032 BEACH 19TH STREET (NEAR MOTT AVE),QN,11691,"TUE,THUR",9:30-11AM,"1032 BEACH 19TH STREET (NEAR MOTT AVE), QN, 11691",-73.925766,40.6822205
81150.0,SK,UNITED METHODIST CENTER IN FAR ROCKAWAY,(718) 327-5071,1032 BEACH 19TH STREET (NEAR MOTT AVE),QN,11691,MON-FRI,12-1PM & 4:30-5:30PM,"1032 BEACH 19TH STREET (NEAR MOTT AVE), QN, 11691",-73.92227963026414,40.6600459
85284.0,FPV,"VETS INC, HOLLIS GARDENS",646-261-1973,202-14 HOLLIS AVENUE,QN,11429,THUR,3-5PM,"202-14 HOLLIS AVENUE, QN, 11429",-73.9611443869833,40.65456055
85448.0,FPV,VFW #5298,516-582-5426,143-17 SPRINGFIELD BLVD,QN,11413,WED,2-5PM,"143-17 SPRINGFIELD BLVD, QN, 11413",-73.98376897645906,40.6690698
85597.0,FP,WE CARE PANTRY,718-774-7041,201-14 HOLLIS AVENUE,QN,11412,"SAT(2,4)",10:30AM-12:30PM,"201-14 HOLLIS AVENUE, QN, 11412",-73.98512300698849,40.577223950000004
85694.0,FP,WOODBINE,646-824-6064,585 WOODWARD AVENUE (RIDGEWOOD),QN,11385,"MON,WED",10-11AM,"585 WOODWARD AVENUE (RIDGEWOOD), QN, 11385",-73.9096596270243,40.6945531
85725.0,FP,WORSHIP CHRISTIAN CENTER INC,631-482-0758,113-16 FARMERS BLVD,QN,11412,"FRI,SAT",10AM-1PM,"113-16 FARMERS BLVD, QN, 11412",,
85535.0,FP,YESHUA WORLDWIDE MINISTRIES FOOD PANTRY,347-507-1689,7911 CALDWELL AVENUE (MIDDLE VILLAGE),QN,11379,"THUR,SAT",10AM-1PM,"7911 CALDWELL AVENUE (MIDDLE VILLAGE), QN, 11379",-73.98841463554845,40.576042
85163.0,FPH,ZION TABERNACLE F.B.H. CHURCH,718-717-9993,105-01 107 AVENUE (OZONE PARK),QN,11417,TUE,1-3PM,"105-01 107 AVENUE (OZONE PARK), QN, 11417",-73.98841463554845,40.576042
85730.0,FP,BAIT-UL JAMAAT-HOUSE COMMUNITY INC,347-289-7991,192 CORSON AVENUE,SI,10301,"THUR (1,3)",11AM-3PM,"192 CORSON AVENUE, SI, 10301",-73.93772061991493,40.62310665
85486.0,FP,CALVARY ASSEMBLY OF GOD,718-356-4555,4055 RICHMOND AVENUE,SI,10312,THUR,11AM-12:30PM,"4055 RICHMOND AVENUE, SI, 10312",-73.9882724128866,40.6742827
85380.0,FP,CHRIST ABUNDANT LIFE MINISTRIES,718-273-0372,121 GRANDVIEW AVENUE,SI,10303,THUR,6-7PM,"121 GRANDVIEW AVENUE, SI, 10303",-73.96169052457921,40.5818395
81559.0,FP,CHRISTIAN PENTECOSTAL CHURCH,(718) 273-5850,900 RICHMOND ROAD,SI,10304,TUE,2-4PM,"900 RICHMOND ROAD, SI, 10304",-73.88672095631946,40.633077
85356.0,FPM,CITY HARVEST - STAPLETON MOBILE MARKET,646-412-0740,75 HILL STREET,SI,10304,"TUE(1),SAT(3)",9:30-11:30AM,"75 HILL STREET, SI, 10304",-73.99660340521828,40.602380249999996
84770.0,FP,COMMUNITY HEALTH ACTION OF STATEN ISLAND,718-808-1477,2134 RICHMOND TERRACE,SI,10302,"M,TU,W,F",2:30-4:30PM,"2134 RICHMOND TERRACE, SI, 10302",-73.95583058335112,40.6544917
81046.0,FP,FEEDING WITH TLC INC,(718) 447-0526,309 ST. PAULS AVENUE,SI,10304,SAT,10:30AM-12:30PM,"309 ST. PAULS AVENUE, SI, 10304",-73.9129337130988,40.66811265
81047.0,SK,FEEDING WITH TLC INC SOUP KITCHEN,718-447-0526,175 BEACH STREET,SI,10304,SAT,10:30AM-12:30PM,"175 BEACH STREET, SI, 10304",,
85752.0,FP,HEALTH ESSENTIAL ASSOCIATION INC,607-689-6618,322 NEW DORP LANE,SI,10306,TUE(2ND),10:30-11:30AM,"322 NEW DORP LANE, SI, 10306",-73.9612725,40.6816269
83197.0,FPK,JEWISH COMMUNITY CENTER OF STATEN ISLAND,718-475-5242,1466 MANOR ROAD,SI,10314,MON-FRI,9-5PM,"1466 MANOR ROAD, SI, 10314",,
81028.0,FPK,MESIVTHA OF STATEN ISLAND,718-356-5412,1870 DRUMGOOLE ROAD EAST,SI,10309,WED,11AM-12PM,"1870 DRUMGOOLE ROAD EAST, SI, 10309",-73.92556300864504,40.671661900000004
83656.0,FP,OUR LADY OF GOOD COUNSEL CHURCH (STATEN ISLAND),718-447-1503,42 AUSTIN PLACE,SI,10304,SAT,9:30-11AM,"42 AUSTIN PLACE, SI, 10304",-73.94663172924709,40.680620250000004
81033.0,FP,"PROJECT HOSPITALITY, INC.",(718) 815-0800,205 CANAL STREET,SI,10304,"TUE, THUR",9-11AM,"205 CANAL STREET, SI, 10304",-73.9280045,40.6552933
81034.0,SK,"PROJECT HOSPITALITY, INC.",(718) 815-0800,211 CANAL STREET,SI,10304,"TUE, THUR",11:30AM - 1PM,"211 CANAL STREET, SI, 10304",-73.90932338614505,40.678438
85454.0,FP,REACH OUT AND TOUCH FOOD PANTRY,718-442-5007,51 COTTAGE PLACE,SI,10302,"SAT(1,2,4,5)/SAT(3)",12-1PM/11AM-1PM,"51 COTTAGE PLACE, SI, 10302",-73.87438189189189,40.68377497297298
85449.0,FP,SKYLIGHT CENTER,718-720-2585,307 ST. MARKS PLACE,SI,10301,TUE,2-3PM,"307 ST. MARKS PLACE, SI, 10301",-73.93750136190647,40.6195535
87357.0,FP,ST. EDWARD FOOD PANTRY,(718) 984-1625,6581 HYLAN BOULEVARD,SI,10309,FRI,10AM-1PM,"6581 HYLAN BOULEVARD, SI, 10309",,
82139.0,FP,STAPLETON U.A.M.E. CHURCH,(718) 273-2857,49 TOMPKINS AVE,SI,10304,"TUE,FRI",10AM-1PM,"49 TOMPKINS AVE, SI, 10304",-73.92490986409821,40.65229465
81360.0,SK,STAPLETON U.A.M.E. CHURCH,(718) 273-2857,49 TOMPKINS AVENUE,SI,10304,MON/WED,3-4PM/12-1PM,"49 TOMPKINS AVENUE, SI, 10304",-73.96417835001398,40.633753049999996
81039.0,FP,THE SALVATION ARMY STAPLETON CORPS,(718) 448-8480,15 BROAD STREET,SI,10304,TUE-THUR,12-1:30PM,"15 BROAD STREET, SI, 10304",-73.925766,40.6822205
81040.0,SK,THE SALVATION ARMY STAPLETON CORPS,(718) 448-8480,15 BROAD STREET,SI,10304,"MON,FRI",11:30AM-1PM,"15 BROAD STREET, SI, 10304",-73.92227963026414,40.6600459
85326.0,FP,"UNITED CHURCH OF PRAISE INTERNATIONAL MINISTRIES, INC",718-314-8779,487 VANDERBILT AVENUE,SI,10304,"FRI,SUN",1-3PM,"487 VANDERBILT AVENUE, SI, 10304",-73.9611443869833,40.65456055
